Meso.Num,Time,Time.hr,Row,Treatment,Meso.Volume.mL,turbidity.NTU,pH,temp.C,doc.mg/L,velocity.m/s,depth.m,width.m,q.L/s,Total.ER.mg/hr,Water.ER.mg/hr.L,Leaf.ER.mg/hr.m2,NH4.ugN.L,NO3.ugN.L,SRP.ugP.L
M1,T1A,0.666666667,1,BFL,24800,3.43,8.61,14.5,10,0.16,0.082,0.168,2.20416,-0.003933775,0.036,,10.33,313.9,12.91
M2,T1A,0.666666667,1,NCL,24800,1.04,8.63,14.5,8.2,0.12,0.081,0.168,1.63296,-0.013235294,-0.081818182,,21.18,332.9,16.36
M3,T1A,0.666666667,1,BFH,24800,0.61,8.6,14.5,9.6,0.13,0.08,0.168,1.7472,-0.011013158,-0.035526316,,5.264,293.3,9.537
M4,T1A,0.666666667,1,DOC,24800,2.3,8.69,14.3,69.5,0.16,0.075,0.168,2.016,,-0.431372549,,70.94,379.5,233.8
M5,T1A,0.666666667,1,NCH,24800,0.94,8.51,15.2,11.2,0.14,0.081,0.168,1.90512,-0.021099338,-0.072483221,,20.58,331.8,33.88
M6,T1A,0.666666667,1,ETO,24800,0.57,8.47,14.8,9.1,0.17,0.08,0.168,2.2848,,-0.024,,27.68,324.8,10.49
M7,T1A,0.666666667,2,ETO,24800,0.57,8.55,13.5,8.9,0.2,0.082,0.168,2.7552,,-0.016,,27.6,337.4,14.17
M8,T1A,0.666666667,2,NCL,24800,0.66,8.54,13.6,6.7,0.16,0.084,0.168,2.25792,-0.005877551,-0.028378378,,24.9,307.5,18.77
M9,T1A,0.666666667,2,NCH,24800,0.66,8.54,14.4,13.3,0.13,0.084,0.168,1.83456,-0.009918367,-0.07755102,,16.99,279.4,35.58
M10,T1A,0.666666667,2,BFH,24800,0.63,8.65,14.9,8.6,0.17,0.083,0.168,2.37048,0.028038462,-0.155555556,,5.233,225.3,10.62
M11,T1A,0.666666667,2,BFL,24800,2.31,8.58,14,5.9,0.15,0.082,0.168,2.0664,-0.0065625,-0.008333333,,11.36,323,11.41
M12,T1A,0.666666667,2,DOC,24800,0.58,8.63,13.2,74.5,0.14,0.082,0.168,1.92864,,-0.348251748,,87.86,356,328.7
M13,T1A,0.666666667,3,NCH,24800,0.44,8.54,14.7,13.5,0.14,0.075,0.168,1.764,-0.016161972,0.042253521,,14.62,341,30.82
M14,T1A,0.666666667,3,BFL,24800,2.79,8.55,15.1,7,0.16,0.076,0.168,2.04288,-0.010267606,-0.085106383,,8.132,327.2,13.95
M15,T1A,0.666666667,3,DOC,24800,1.66,8.63,14.7,4.3,0.19,0.075,0.168,2.394,,0.097777778,,107.5,364.1,264.9
M16,T1A,0.666666667,3,BFH,24800,0.37,8.44,15.2,9,0.12,0.08,0.168,1.6128,-0.009642857,-0.030215827,,6.868,302.7,26.4
M17,T1A,0.666666667,3,ETO,24800,0.81,8.5,14.2,7.9,0.17,0.077,0.168,2.19912,,-0.034782609,,26.47,341.6,13.26
M18,T1A,0.666666667,3,NCL,24800,0.35,8.53,14,12.1,0.15,0.079,0.168,1.9908,-0.015766423,-0.069565217,,24.73,343.6,17.22
M19,T1A,0.666666667,4,ETO,24800,0.47,8.5,14.9,6.5,0.18,0.079,0.168,2.38896,,-0.026086957,,28.78,347.9,12.51
M20,T1A,0.666666667,4,BFH,24800,0.42,8.56,15.1,8,0.14,0.077,0.168,1.81104,-0.002759124,0.060869565,,3.723,312,13.58
M21,T1A,0.666666667,4,NCL,24800,1.45,8.51,15.1,7.6,0.14,0.078,0.168,1.83456,-0.022632353,-0.008695652,,21.68,341.1,17.24
M22,T1A,0.666666667,4,BFL,24800,0.35,8.51,15.4,10.9,0.16,0.08,0.168,2.1504,-0.000992647,0.02189781,,8.884,286.1,11.04
M23,T1A,0.666666667,4,DOC,24800,2.7,8.6,15.3,64.4,0.2,0.079,0.168,2.6544,,-0.063380282,,133.1,377.8,412.5
M24,T1A,0.666666667,4,NCH,24800,0.64,8.47,15,9.8,0.13,0.077,0.168,1.68168,-0.0176,0.282089552,,17.82,338,34.44
M1,T2,6,1,BFL,24333.33333,0.46,8.78,14.7,,0.15,0.08,0.168,2.016,-0.003933775,0.036,,,,
M2,T2,6,1,NCL,24666.66667,0.61,8.82,14.4,,0.13,0.08,0.168,1.792,-0.013235294,-0.081818182,,,,
M3,T2,6,1,BFH,24666.66667,0.78,8.8,14.6,,0.13,0.079,0.168,1.7696,-0.011013158,-0.035526316,,,,
M4,T2,6,1,DOC,24333.33333,2.82,8.75,14.8,,0.15,0.073,0.168,1.8396,,-0.431372549,,,,
M5,T2,6,1,NCH,24333.33333,0.73,8.7,14.7,,0.15,0.079,0.168,1.94656,-0.021099338,-0.072483221,,,,
M6,T2,6,1,ETO,24333.33333,0.3,8.53,14.3,,0.17,0.078,0.168,2.184,,-0.024,,,,
M7,T2,6,2,ETO,24666.66667,0.64,8.62,12.5,,0.2,0.081,0.168,2.67624,,-0.016,,,,
M8,T2,6,2,NCL,24333.33333,0.49,8.83,12.6,,0.15,0.082,0.168,2.11232,-0.005877551,-0.028378378,,,,
M9,T2,6,2,NCH,24333.33333,1.27,8.79,13.4,,0.13,0.082,0.168,1.74496,-0.009918367,-0.07755102,,,,
M10,T2,6,2,BFH,24666.66667,0.32,8.87,13.6,,0.16,0.082,0.168,2.20416,0.028038462,-0.155555556,,,,
M11,T2,6,2,BFL,24333.33333,0.34,8.83,13.2,,0.14,0.08,0.168,1.8816,-0.0065625,-0.008333333,,,,
M12,T2,6,2,DOC,24333.33333,3.47,8.79,12.9,,0.13,0.08,0.168,1.792,,-0.348251748,,,,
M13,T2,6,3,NCH,24666.66667,0.73,8.81,13.9,,0.12,0.074,0.168,1.49184,-0.016161972,0.042253521,,,,
M14,T2,6,3,BFL,24666.66667,1.45,8.66,14.1,,0.15,0.075,0.168,1.848,-0.010267606,-0.085106383,,,,
M15,T2,6,3,DOC,24333.33333,3.69,8.79,14.1,,0.19,0.073,0.168,2.28928,,0.097777778,,,,
M16,T2,6,3,BFH,24333.33333,0.27,8.79,14,,0.1,0.078,0.168,1.3104,-0.009642857,-0.030215827,,,,
M17,T2,6,3,ETO,24333.33333,0.25,8.58,13.9,,0.17,0.075,0.168,2.142,,-0.034782609,,,,
M18,T2,6,3,NCL,24333.33333,1.64,8.85,14,,0.16,0.077,0.168,2.06976,-0.015766423,-0.069565217,,,,
M19,T2,6,4,ETO,24333.33333,0.36,8.57,14.1,,0.18,0.077,0.168,2.28536,,-0.026086957,,,,
M20,T2,6,4,BFH,22666.66667,0.28,8.89,14.3,,0.14,0.07,0.168,1.6072,-0.002759124,0.060869565,,,,
M21,T2,6,4,NCL,24666.66667,0.93,8.86,14.4,,0.14,0.077,0.168,1.81104,-0.022632353,-0.008695652,,,,
M22,T2,6,4,BFL,24666.66667,0.27,8.71,14.6,,0.15,0.079,0.168,2.03504,-0.000992647,0.02189781,,,,
M23,T2,6,4,DOC,24666.66667,2.02,8.82,14.6,,0.2,0.078,0.168,2.57712,,-0.063380282,,,,
M24,T2,6,4,NCH,24333.33333,0.66,8.8,14.5,,0.13,0.075,0.168,1.638,-0.0176,0.282089552,,,,
M1,T3,18,1,BFL,23666.66667,0.64,8.66,14.4,,0.14,0.078,0.168,1.83456,-0.003933775,0.036,,,,
M2,T3,18,1,NCL,23666.66667,1.12,8.92,13.5,,0.15,0.077,0.168,1.89728,-0.013235294,-0.081818182,,,,
M3,T3,18,1,BFH,23666.66667,1.03,8.91,13.5,,0.14,0.076,0.168,1.74496,-0.011013158,-0.035526316,,,,
M4,T3,18,1,DOC,23666.66667,3.89,8.83,13.6,,0.14,0.071,0.168,1.66992,,-0.431372549,,,,
M5,T3,18,1,NCH,23666.66667,1.07,8.83,13.5,,0.15,0.077,0.168,1.98352,-0.021099338,-0.072483221,,,,
M6,T3,18,1,ETO,23333.33333,1.5,8.61,13.5,,0.16,0.075,0.168,2.058,,-0.024,,,,
M7,T3,18,2,ETO,23333.33333,0.38,8.64,12.6,,0.19,0.077,0.168,2.50096,,-0.016,,,,
M8,T3,18,2,NCL,23000,0.96,8.9,12.5,,0.15,0.078,0.168,1.92192,-0.005877551,-0.028378378,,,,
M9,T3,18,2,NCH,23666.66667,2.03,8.86,12.7,,0.12,0.08,0.168,1.6576,-0.009918367,-0.07755102,,,,
M10,T3,18,2,BFH,23666.66667,0.4,8.9,12.7,,0.15,0.079,0.168,1.9908,0.028038462,-0.155555556,,,,
M11,T3,18,2,BFL,23333.33333,0.44,8.78,12.8,,0.13,0.077,0.168,1.68168,-0.0065625,-0.008333333,,,,
M12,T3,18,2,DOC,23333.33333,4.36,8.88,12.4,,0.13,0.077,0.168,1.63856,,-0.348251748,,,,
M13,T3,18,3,NCH,23666.66667,0.81,8.85,13,,0.1,0.071,0.168,1.1928,-0.016161972,0.042253521,,,,
M14,T3,18,3,BFL,23666.66667,0.33,8.67,13,,0.13,0.072,0.168,1.6128,-0.010267606,-0.085106383,,,,
M15,T3,18,3,DOC,23666.66667,5.67,8.85,13.1,,0.18,0.071,0.168,2.1868,,0.097777778,,,,
M16,T3,18,3,BFH,23666.66667,0.48,8.9,13.1,,0.08,0.076,0.168,1.02144,-0.009642857,-0.030215827,,,,
M17,T3,18,3,ETO,23666.66667,0.49,8.64,13.2,,0.17,0.073,0.168,2.08488,,-0.034782609,,,,
M18,T3,18,3,NCL,23666.66667,1.18,8.93,13.1,,0.17,0.075,0.168,2.142,-0.015766423,-0.069565217,,,,
M19,T3,18,4,ETO,23333.33333,0.25,8.65,12.4,,0.17,0.074,0.168,2.15488,,-0.026086957,,,,
M20,T3,18,4,BFH,24000,0.25,8.93,12.5,,0.13,0.074,0.168,1.6576,-0.002759124,0.060869565,,,,
M21,T3,18,4,NCL,23666.66667,0.53,8.93,12.7,,0.14,0.074,0.168,1.74048,-0.022632353,-0.008695652,,,,
M22,T3,18,4,BFL,24000,0.03,8.71,12.9,,0.15,0.077,0.168,1.89728,-0.000992647,0.02189781,,,,
M23,T3,18,4,DOC,23666.66667,2.9,8.89,12.8,,0.19,0.075,0.168,2.436,,-0.063380282,,,,
M24,T3,18,4,NCH,23666.66667,0.93,8.88,12.7,,0.13,0.073,0.168,1.59432,-0.0176,0.282089552,,,,
M1,T4,30,1,BFL,22333.33333,1.2,8.66,14.2,13.7,0.13,0.074,0.168,1.61616,-0.003933775,0.036,,0.3977,201.9,15.48
M2,T4,30,1,NCL,22333.33333,1.4,8.93,14.3,18.8,0.16,0.073,0.168,1.96224,-0.013235294,-0.081818182,,5.247,296.4,14.94
M3,T4,30,1,BFH,22666.66667,0.43,8.92,14.5,17.3,0.14,0.073,0.168,1.71696,-0.011013158,-0.035526316,,1.792,32.35,13.63
M4,T4,30,1,DOC,22333.33333,6.11,8.81,14.6,72.3,0.13,0.067,0.168,1.46328,,-0.431372549,,17.37,144.5,342.4
M5,T4,30,1,NCH,22666.66667,0.86,8.85,14.6,25.5,0.16,0.074,0.168,1.98912,-0.021099338,-0.072483221,,12.05,238.1,22.79
M6,T4,30,1,ETO,22333.33333,0.37,8.68,14.6,7.7,0.16,0.072,0.168,1.93536,,-0.024,,14.22,361.4,12.87
M7,T4,30,2,ETO,22000,0.31,8.67,14,8.3,0.19,0.073,0.168,2.33016,,-0.016,,24.7,379.3,12.49
M8,T4,30,2,NCL,22000,0.64,8.94,14,18.2,0.14,0.075,0.168,1.764,-0.005877551,-0.028378378,,6.092,351.3,19.81
M9,T4,30,2,NCH,22333.33333,0.66,8.89,14.3,26.3,0.12,0.076,0.168,1.53216,-0.009918367,-0.07755102,,11.77,247.8,28.71
M10,T4,30,2,BFH,22333.33333,0.38,8.94,14.7,18.5,0.14,0.075,0.168,1.764,0.028038462,-0.155555556,,1.613,67.5,17.05
M11,T4,30,2,BFL,22000,0.42,8.77,14.4,12.8,0.12,0.073,0.168,1.47168,-0.0065625,-0.008333333,,2.064,154.7,13.7
M12,T4,30,2,DOC,22000,8.5,8.85,14.4,75.7,0.12,0.073,0.168,1.47168,,-0.348251748,,20.93,301.1,255.1
M13,T4,30,3,NCH,22333.33333,0.83,8.87,14.3,30.1,0.08,0.067,0.168,0.90048,-0.016161972,0.042253521,,10.39,240.2,20.67
M14,T4,30,3,BFL,22666.66667,0.31,8.74,14.5,11,0.12,0.069,0.168,1.39104,-0.010267606,-0.085106383,,-0.8508,154.8,14.37
M15,T4,30,3,DOC,22666.66667,6.91,8.86,14.7,81.5,0.18,0.068,0.168,2.05632,,0.097777778,,26.29,295.3,388.1
M16,T4,30,3,BFH,22666.66667,0.34,8.91,14.8,15.5,0.06,0.073,0.168,0.73584,-0.009642857,-0.030215827,,1.853,47.81,16.46
M17,T4,30,3,ETO,22666.66667,0.26,8.68,14.8,9.8,0.17,0.07,0.168,1.9992,,-0.034782609,,13.34,365.2,13.44
M18,T4,30,3,NCL,22333.33333,0.67,8.94,14.8,15.3,0.18,0.071,0.168,2.14704,-0.015766423,-0.069565217,,4.492,333.3,14.62
M19,T4,30,4,ETO,22333.33333,0.39,8.67,14.4,9.5,0.17,0.071,0.168,2.02776,,-0.026086957,,13.95,392,13.51
M20,T4,30,4,BFH,22666.66667,0.27,8.92,14.6,14.6,0.13,0.07,0.168,1.5288,-0.002759124,0.060869565,,1.265,33.83,14.28
M21,T4,30,4,NCL,22666.66667,0.68,8.92,14.7,20.6,0.14,0.071,0.168,1.66992,-0.022632353,-0.008695652,,4.06,267.2,14.22
M22,T4,30,4,BFL,23000,0.76,8.73,14.9,12.5,0.14,0.074,0.168,1.74048,-0.000992647,0.02189781,,2.656,132.4,14.08
M23,T4,30,4,DOC,22666.66667,3.3,8.75,15,64.2,0.19,0.072,0.168,2.29824,,-0.063380282,,18.76,7.412,176
M24,T4,30,4,NCH,22333.33333,0.67,8.87,14.9,22.7,0.13,0.069,0.168,1.50696,-0.0176,0.282089552,,8.246,197.6,17.01
