"","Well","Sample","Target","Concentration","CopiesPer20uLWell","Positives","Negatives","AcceptedDroplets","Threshold","Run"
"25","A04","Positive_CTL","CARP",0,0,0,11523,11523,7000,1
"26","B04","Positive_CTL","CARP",0,0,0,11088,11088,7000,1
"27","C04","Positive_CTL","CARP",0.09,1.8,1,12960,12961,7000,1
"28","D04","Negative_CTL","CARP",0,0,0,12443,12443,7000,1
"29","E04","Negative_CTL","CARP",0,0,0,12519,12519,7000,1
"30","F04","Negative_CTL","CARP",0,0,0,11842,11842,7000,1
"31","G04","Negative_CTL","CARP",0,0,0,13440,13440,7000,1
"32","H04","Negative_CTL","CARP",0,0,0,12279,12279,7000,1
"57","A04","Positive_CTL","STHD",251,5020,2212,9311,11523,4500,1
"58","B04","Positive_CTL","STHD",242,4840,2063,9025,11088,4500,1
"59","C04","Positive_CTL","STHD",258,5160,2553,10408,12961,4500,1
"60","D04","Negative_CTL","STHD",0,0,0,12443,12443,4500,1
"61","E04","Negative_CTL","STHD",0,0,0,12519,12519,4500,1
"62","F04","Negative_CTL","STHD",0,0,0,11842,11842,4500,1
"63","G04","Negative_CTL","STHD",0,0,0,13440,13440,4500,1
"64","H04","Negative_CTL","STHD",0,0,0,12279,12279,4500,1
"89","A04","Positive_CTL","CARP",51.4,1028,492,11010,11502,7000,2
"90","B04","Positive_CTL","CARP",54.3,1086,546,11563,12109,7000,2
"91","C04","Positive_CTL","CARP",53,1060,537,11647,12184,7000,2
"92","D04","Negative_CTL","CARP",0,0,0,11295,11295,7000,2
"93","E04","Negative_CTL","CARP",0,0,0,14269,14269,7000,2
"94","F04","Negative_CTL","CARP",0,0,0,11930,11930,7000,2
"95","G04","Negative_CTL","CARP",0,0,0,13031,13031,7000,2
"96","H04","Negative_CTL","CARP",0.09,1.8,1,13506,13507,7000,2
"121","A04","Positive_CTL","STHD",121,2420,1127,10375,11502,4500,2
"122","B04","Positive_CTL","STHD",124,2480,1215,10894,12109,4500,2
"123","C04","Positive_CTL","STHD",136,2720,1334,10850,12184,4500,2
"124","D04","Negative_CTL","STHD",0,0,0,11295,11295,4500,2
"125","E04","Negative_CTL","STHD",0,0,0,14269,14269,4500,2
"126","F04","Negative_CTL","STHD",0,0,0,11930,11930,4500,2
"127","G04","Negative_CTL","STHD",0,0,0,13031,13031,4500,2
"128","H04","Negative_CTL","STHD",0,0,0,13507,13507,4500,2
"159","G04","Positive_CTL","CARP",43.4,868,440,11708,12148,7000,3
"160","H04","Negative_CTL","CARP",0,0,0,14237,14237,7000,3
"167","G05","Positive_CTL","CARP",53.2,1064,480,10376,10856,7000,3
"168","H05","Negative_CTL","CARP",0,0,0,9423,9423,7000,3
"199","G04","Positive_CTL","STHD",145,2900,1409,10739,12148,4500,3
"200","H04","Negative_CTL","STHD",0,0,0,14237,14237,4500,3
"207","G05","Positive_CTL","STHD",150,3000,1298,9558,10856,4500,3
"208","H05","Negative_CTL","STHD",0,0,0,9423,9423,4500,3
"233","A04","Negative_CTL","CARP",0,0,0,9205,9205,7000,4
"234","B04","Negative_CTL","CARP",0,0,0,12590,12590,7000,4
"235","C04","Negative_CTL","CARP",0,0,0,9389,9389,7000,4
"236","D04","Negative_CTL","CARP",0,0,0,11366,11366,7000,4
"237","E04","Negative_CTL","CARP",0,0,0,10245,10245,7000,4
"238","F04","Positive_CTL","CARP",44.7,894,392,10129,10521,7000,4
"239","G04","Positive_CTL","CARP",54.5,1090,600,12653,13253,7000,4
"240","H04","Positive_CTL","CARP",49.3,986,394,9202,9596,7000,4
"265","A04","Negative_CTL","STHD",0,0,0,9205,9205,4500,4
"266","B04","Negative_CTL","STHD",0,0,0,12590,12590,4500,4
"267","C04","Negative_CTL","STHD",0,0,0,9389,9389,4500,4
"268","D04","Negative_CTL","STHD",0,0,0,11366,11366,4500,4
"269","E04","Negative_CTL","STHD",0,0,0,10245,10245,4500,4
"270","F04","Positive_CTL","STHD",129,2580,1095,9426,10521,4500,4
"271","G04","Positive_CTL","STHD",130,2600,1389,11864,13253,4500,4
"272","H04","Positive_CTL","STHD",153,3060,1172,8424,9596,4500,4
"333","G07","Positive_CTL","CARP",55.4,1108,528,10951,11479,7000,5
"334","G08","Positive_CTL","CARP",46.1,922,485,12144,12629,7000,5
"335","G09","Positive_CTL","CARP",12.1,242,104,10040,10144,7000,5
"342","H07","Negative_CTL","CARP",0,0,0,9319,9319,7000,5
"343","H08","Negative_CTL","CARP",0,0,0,12679,12679,7000,5
"344","H09","Negative_CTL","CARP",0,0,0,8708,8708,7000,5
"405","G07","Positive_CTL","STHD",151,3020,1385,10094,11479,4500,5
"406","G08","Positive_CTL","STHD",114,2280,1170,11459,12629,4500,5
"407","G09","Positive_CTL","STHD",24.3,486,207,9937,10144,4500,5
"414","H07","Negative_CTL","STHD",0,0,0,9319,9319,4500,5
"415","H08","Negative_CTL","STHD",0,0,0,12679,12679,4500,5
"416","H09","Negative_CTL","STHD",0,0,0,8708,8708,4500,5
"477","G07","Positive_CTL","CARP",57.9,1158,554,10987,11541,7000,6
"478","G08","Positive_CTL","CARP",52.6,1052,516,11293,11809,7000,6
"479","G09","Negative_CTL","CARP",0,0,0,13357,13357,7000,6
"486","H07","Negative_CTL","CARP",0,0,0,13007,13007,7000,6
"487","H08","Negative_CTL","CARP",0,0,0,11770,11770,7000,6
"488","H09","Negative_CTL","CARP",0,0,0,10941,10941,7000,6
"549","G07","Positive_CTL","STHD",147,2940,1356,10185,11541,4500,6
"550","G08","Positive_CTL","STHD",135,2700,1280,10529,11809,4500,6
"551","G09","Negative_CTL","STHD",0,0,0,13357,13357,4500,6
"558","H07","Negative_CTL","STHD",0,0,0,13007,13007,4500,6
"559","H08","Negative_CTL","STHD",0,0,0,11770,11770,4500,6
"560","H09","Negative_CTL","STHD",0,0,0,10941,10941,4500,6
"600","G04","Positive_CTL","CARP",52.8,1056,450,9810,10260,7000,7
"601","G05","Positive_CTL","CARP",54.3,1086,583,12340,12923,7000,7
"602","G06","Negative_CTL","CARP",0.11,2.2,1,10782,10783,7000,7
"606","H04","Negative_CTL","CARP",0,0,0,11136,11136,7000,7
"607","H05","Negative_CTL","CARP",0,0,0,12820,12820,7000,7
"608","H06","Negative_CTL","CARP",0,0,0,11495,11495,7000,7
"648","G04","Positive_CTL","STHD",140,2800,1154,9106,10260,4500,7
"649","G05","Positive_CTL","STHD",136,2720,1414,11509,12923,4500,7
"650","G06","Negative_CTL","STHD",0,0,0,10783,10783,4500,7
"654","H04","Negative_CTL","STHD",0,0,0,11136,11136,4500,7
"655","H05","Negative_CTL","STHD",0,0,0,12820,12820,4500,7
"656","H06","Negative_CTL","STHD",0,0,0,11495,11495,4500,7
"717","G07","Positive_CTL","CARP",64,1280,459,8166,8625,7000,8
"718","G08","Positive_CTL","CARP",61,1220,549,10402,10951,7000,8
"719","G09","Negative_CTL","CARP",0,0,0,11750,11750,7000,8
"726","H07","Negative_CTL","CARP",0,0,0,11713,11713,7000,8
"727","H08","Negative_CTL","CARP",0,0,0,9394,9394,7000,8
"728","H09","Negative_CTL","CARP",0,0,0,15101,15101,7000,8
"789","G07","Positive_CTL","STHD",148,2960,1022,7603,8625,4500,8
"790","G08","Positive_CTL","STHD",141,2820,1240,9711,10951,4500,8
"791","G09","Negative_CTL","STHD",0,0,0,11750,11750,4500,8
"798","H07","Negative_CTL","STHD",0,0,0,11713,11713,4500,8
"799","H08","Negative_CTL","STHD",0,0,0,9394,9394,4500,8
"800","H09","Negative_CTL","STHD",0,0,0,15101,15101,4500,8
"840","F10","Positive_CTL","CARP",56.9,1138,637,12858,13495,7000,9
"841","F11","Positive_CTL","CARP",59.2,1184,695,13464,14159,7000,9
"842","F12","Positive_CTL","CARP",59.8,1196,609,11672,12281,7000,9
"849","G12","Negative_CTL","CARP",0,0,0,13958,13958,7000,9
"856","H10","Negative_CTL","CARP",0,0,0,13007,13007,7000,9
"857","H11","Negative_CTL","CARP",0,0,0,15693,15693,7000,9
"858","H12","Negative_CTL","CARP",0,0,0,8454,8454,7000,9
"901","F10","Positive_CTL","STHD",136,2720,1470,12025,13495,4500,9
"902","F11","Positive_CTL","STHD",140,2800,1585,12574,14159,4500,9
"903","F12","Positive_CTL","STHD",164,3280,1602,10679,12281,4500,9
"910","G12","Negative_CTL","STHD",0,0,0,13958,13958,4500,9
"917","H10","Negative_CTL","STHD",0,0,0,13007,13007,4500,9
"918","H11","Negative_CTL","STHD",0,0,0,15693,15693,4500,9
"919","H12","Negative_CTL","STHD",0,0,0,8454,8454,4500,9
"1013","G10","Positive_CTL","CARP",76,1520,865,12964,13829,7000,10
"1014","G11","Positive_CTL","CARP",75.8,1516,928,13943,14871,7000,10
"1015","G12","Negative_CTL","CARP",0,0,0,14136,14136,7000,10
"1016","H10","Negative_CTL","CARP",0,0,0,14415,14415,7000,10
"1017","H11","Negative_CTL","CARP",0,0,0,12100,12100,7000,10
"1018","H12","Negative_CTL","CARP",0.1,2,1,12074,12075,7000,10
"1109","G10","Positive_CTL","STHD",156,3120,1715,12114,13829,4500,10
"1110","G11","Positive_CTL","STHD",167,3340,1967,12904,14871,4500,10
"1111","G12","Negative_CTL","STHD",0,0,0,14136,14136,4500,10
"1112","H10","Negative_CTL","STHD",0,0,0,14415,14415,4500,10
"1113","H11","Negative_CTL","STHD",0,0,0,12100,12100,4500,10
"1114","H12","Negative_CTL","STHD",0,0,0,12075,12075,4500,10
"1205","G10","Positive_CTL","CARP",33.2,664,391,13680,14071,7000,11
"1206","G11","Positive_CTL","CARP",40.4,808,557,15956,16513,7000,11
"1207","G12","Negative_CTL","CARP",0,0,0,14866,14866,7000,11
"1208","H10","Negative_CTL","CARP",0,0,0,13888,13888,7000,11
"1209","H11","Negative_CTL","CARP",0,0,0,16452,16452,7000,11
"1210","H12","Negative_CTL","CARP",0,0,0,12527,12527,7000,11
"1301","G10","Positive_CTL","STHD",57.3,1146,669,13402,14071,4500,11
"1302","G11","Positive_CTL","STHD",71.9,1438,979,15534,16513,4500,11
"1303","G12","Negative_CTL","STHD",0,0,0,14866,14866,4500,11
"1304","H10","Negative_CTL","STHD",0,0,0,13888,13888,4500,11
"1305","H11","Negative_CTL","STHD",0,0,0,16452,16452,4500,11
"1306","H12","Negative_CTL","STHD",0,0,0,12527,12527,4500,11
"1397","G10","Positive_CTL","CARP",49.3,986,632,14783,15415,7000,12
"1398","G11","Positive_CTL","CARP",40.3,806,410,11768,12178,7000,12
"1399","G12","Negative_CTL","CARP",0,0,0,15269,15269,7000,12
"1400","H10","Negative_CTL","CARP",0,0,0,11844,11844,7000,12
"1401","H11","Negative_CTL","CARP",0,0,0,10708,10708,7000,12
"1402","H12","Negative_CTL","CARP",0,0,0,13615,13615,7000,12
"1493","G10","Positive_CTL","STHD",64.7,1294,825,14590,15415,4500,12
"1494","G11","Positive_CTL","STHD",77,1540,769,11409,12178,4500,12
"1495","G12","Negative_CTL","STHD",0,0,0,15269,15269,4500,12
"1496","H10","Negative_CTL","STHD",0,0,0,11844,11844,4500,12
"1497","H11","Negative_CTL","STHD",0,0,0,10708,10708,4500,12
"1498","H12","Negative_CTL","STHD",0,0,0,13615,13615,4500,12
"1571","A10","CB_T1A_0.4A10","CARP",0.08,1.6,1,14350,14351,7000,13
"1572","A11","CB_T1A_0.4A11","CARP",0,0,0,12929,12929,7000,13
"1573","A12","CB_T1A_0.4A12","CARP",0,0,0,13813,13813,7000,13
"1574","B10","CB_T1A_0.4","CARP",0,0,0,12029,12029,7000,13
"1575","B11","CB_T2_0.4","CARP",0,0,0,13795,13795,7000,13
"1576","B12","CB_T2_0.4","CARP",0,0,0,12124,12124,7000,13
"1577","C10","CB_T3_0.4","CARP",0,0,0,13187,13187,7000,13
"1578","C11","CB_T3_0.4","CARP",0,0,0,15483,15483,7000,13
"1579","C12","CB_T3_0.4","CARP",0,0,0,14661,14661,7000,13
"1580","D10","CB_T4_0.4","CARP",0,0,0,12460,12460,7000,13
"1581","D11","CB_T4_0.4","CARP",0,0,0,13114,13114,7000,13
"1582","D12","CB_T4_0.4","CARP",0,0,0,14688,14688,7000,13
"1583","E10","CB_BKD_0.4","CARP",0,0,0,14293,14293,7000,13
"1584","E11","CB_BKD_0.4","CARP",0,0,0,14852,14852,7000,13
"1585","E12","CB_BKD_0.4","CARP",0,0,0,15566,15566,7000,13
"1586","F10","EB_7/18/22","CARP",0,0,0,13564,13564,7000,13
"1587","F11","EB_7/18/22","CARP",0,0,0,14070,14070,7000,13
"1588","F12","EB_7/18/22","CARP",0,0,0,14535,14535,7000,13
"1589","G10","Positive_CTL","CARP",106,2120,1238,13092,14330,7000,13
"1590","G11","Positive_CTL","CARP",100,2000,1290,14607,15897,7000,13
"1591","G12","Negative_CTL","CARP",0,0,0,13364,13364,7000,13
"1592","H10","Negative_CTL","CARP",0,0,0,14410,14410,7000,13
"1593","H11","Negative_CTL","CARP",0,0,0,15417,15417,7000,13
"1594","H12","Negative_CTL","CARP",0,0,0,11212,11212,7000,13
"1667","A10","CB_T1A_0.4A10","STHD",0,0,0,14351,14351,4500,13
"1668","A11","CB_T1A_0.4A11","STHD",0,0,0,12929,12929,4500,13
"1669","A12","CB_T1A_0.4A12","STHD",0,0,0,13813,13813,4500,13
"1670","B10","CB_T1A_0.4","STHD",0,0,0,12029,12029,4500,13
"1671","B11","CB_T2_0.4","STHD",0,0,0,13795,13795,4500,13
"1672","B12","CB_T2_0.4","STHD",0,0,0,12124,12124,4500,13
"1673","C10","CB_T3_0.4","STHD",0.09,1.8,1,13186,13187,4500,13
"1674","C11","CB_T3_0.4","STHD",0,0,0,15483,15483,4500,13
"1675","C12","CB_T3_0.4","STHD",0,0,0,14661,14661,4500,13
"1676","D10","CB_T4_0.4","STHD",0,0,0,12460,12460,4500,13
"1677","D11","CB_T4_0.4","STHD",0,0,0,13114,13114,4500,13
"1678","D12","CB_T4_0.4","STHD",0,0,0,14688,14688,4500,13
"1679","E10","CB_BKD_0.4","STHD",0,0,0,14293,14293,4500,13
"1680","E11","CB_BKD_0.4","STHD",0,0,0,14852,14852,4500,13
"1681","E12","CB_BKD_0.4","STHD",0,0,0,15566,15566,4500,13
"1682","F10","EB_7/18/22","STHD",0,0,0,13564,13564,4500,13
"1683","F11","EB_7/18/22","STHD",0,0,0,14070,14070,4500,13
"1684","F12","EB_7/18/22","STHD",0,0,0,14535,14535,4500,13
"1685","G10","Positive_CTL","STHD",62.3,1246,739,13591,14330,4500,13
"1686","G11","Positive_CTL","STHD",59.2,1184,780,15117,15897,4500,13
"1687","G12","Negative_CTL","STHD",0,0,0,13364,13364,4500,13
"1688","H10","Negative_CTL","STHD",0,0,0,14410,14410,4500,13
"1689","H11","Negative_CTL","STHD",0,0,0,15417,15417,4500,13
"1690","H12","Negative_CTL","STHD",0,0,0,11212,11212,4500,13
"1715","A04","EB_6/13/22","CARP",0,0,0,5905,5905,7000,14
"1716","A05","EB_6/13/22","CARP",0,0,0,7030,7030,7000,14
"1717","A06","EB_6/13/22","CARP",0,0,0,6492,6492,7000,14
"1718","B04","EB_6/14/22","CARP",0,0,0,6609,6609,7000,14
"1719","B05","EB_6/14/22","CARP",0,0,0,6179,6179,7000,14
"1720","B06","EB_6/14/22","CARP",0,0,0,6496,6496,7000,14
"1721","C04","EB_6/20/22","CARP",0,0,0,5996,5996,7000,14
"1722","C05","EB_6/20/22","CARP",0,0,0,6737,6737,7000,14
"1723","C06","EB_6/20/22","CARP",0,0,0,8077,8077,7000,14
"1724","D04","EB_6/22/22","CARP",0,0,0,7222,7222,7000,14
"1725","D05","EB_6/22/22","CARP",0,0,0,7636,7636,7000,14
"1726","D06","EB_6/22/22","CARP",0,0,0,10503,10503,7000,14
"1727","E04","EB_6/23/22","CARP",0,0,0,8125,8125,7000,14
"1728","E05","EB_6/23/22","CARP",0,0,0,9401,9401,7000,14
"1729","E06","EB_6/23/22","CARP",0,0,0,10801,10801,7000,14
"1730","F04","EB_6/27/22","CARP",0,0,0,7243,7243,7000,14
"1731","F05","EB_6/27/22","CARP",0,0,0,7358,7358,7000,14
"1732","F06","EB_6/27/22","CARP",0,0,0,7456,7456,7000,14
"1733","G04","EB_7/5/22","CARP",0,0,0,6303,6303,7000,14
"1734","G05","EB_7/5/22","CARP",0,0,0,7561,7561,7000,14
"1735","G06","EB_7/5/22","CARP",0,0,0,6827,6827,7000,14
"1736","H04","EB_7/5/22","CARP",0,0,0,5896,5896,7000,14
"1737","H05","EB_7/5/22","CARP",0,0,0,8167,8167,7000,14
"1738","H06","EB_7/5/22","CARP",0,0,0,6446,6446,7000,14
"1739","A07","EB_7/8/22","CARP",0,0,0,3923,3923,7000,14
"1740","A08","EB_7/8/22","CARP",0,0,0,7377,7377,7000,14
"1741","A09","EB_7/8/22","CARP",0,0,0,6510,6510,7000,14
"1742","B07","EB_7/18/22","CARP",0,0,0,5622,5622,7000,14
"1743","B08","EB_7/18/22","CARP",0.19,3.8,1,6117,6118,7000,14
"1744","B09","EB_7/18/22","CARP",0,0,0,7461,7461,7000,14
"1781","G10","Positive_CTL","CARP",101,2020,611,6795,7406,7000,14
"1782","G11","Positive_CTL","CARP",92,1840,392,4815,5207,7000,14
"1783","G12","Negative_CTL","CARP",0,0,0,7215,7215,7000,14
"1784","H10","Negative_CTL","CARP",0.17,3.4,1,6926,6927,7000,14
"1785","H11","Negative_CTL","CARP",0,0,0,7289,7289,7000,14
"1786","H12","Negative_CTL","CARP",0,0,0,6557,6557,7000,14
"1811","A04","EB_6/13/22","STHD",0,0,0,5905,5905,4500,14
"1812","A05","EB_6/13/22","STHD",0,0,0,7030,7030,4500,14
"1813","A06","EB_6/13/22","STHD",0,0,0,6492,6492,4500,14
"1814","B04","EB_6/14/22","STHD",0,0,0,6609,6609,4500,14
"1815","B05","EB_6/14/22","STHD",0,0,0,6179,6179,4500,14
"1816","B06","EB_6/14/22","STHD",0,0,0,6496,6496,4500,14
"1817","C04","EB_6/20/22","STHD",0,0,0,5996,5996,4500,14
"1818","C05","EB_6/20/22","STHD",0,0,0,6737,6737,4500,14
"1819","C06","EB_6/20/22","STHD",0,0,0,8077,8077,4500,14
"1820","D04","EB_6/22/22","STHD",0,0,0,7222,7222,4500,14
"1821","D05","EB_6/22/22","STHD",0,0,0,7636,7636,4500,14
"1822","D06","EB_6/22/22","STHD",0,0,0,10503,10503,4500,14
"1823","E04","EB_6/23/22","STHD",0,0,0,8125,8125,4500,14
"1824","E05","EB_6/23/22","STHD",0,0,0,9401,9401,4500,14
"1825","E06","EB_6/23/22","STHD",0,0,0,10801,10801,4500,14
"1826","F04","EB_6/27/22","STHD",0,0,0,7243,7243,4500,14
"1827","F05","EB_6/27/22","STHD",0,0,0,7358,7358,4500,14
"1828","F06","EB_6/27/22","STHD",0,0,0,7456,7456,4500,14
"1829","G04","EB_7/5/22","STHD",0,0,0,6303,6303,4500,14
"1830","G05","EB_7/5/22","STHD",0,0,0,7561,7561,4500,14
"1831","G06","EB_7/5/22","STHD",0,0,0,6827,6827,4500,14
"1832","H04","EB_7/5/22","STHD",0,0,0,5896,5896,4500,14
"1833","H05","EB_7/5/22","STHD",0,0,0,8167,8167,4500,14
"1834","H06","EB_7/5/22","STHD",0,0,0,6446,6446,4500,14
"1835","A07","EB_7/8/22","STHD",0,0,0,3923,3923,4500,14
"1836","A08","EB_7/8/22","STHD",0,0,0,7377,7377,4500,14
"1837","A09","EB_7/8/22","STHD",0,0,0,6510,6510,4500,14
"1838","B07","EB_7/18/22","STHD",0,0,0,5622,5622,4500,14
"1839","B08","EB_7/18/22","STHD",0,0,0,6118,6118,4500,14
"1840","B09","EB_7/18/22","STHD",0,0,0,7461,7461,4500,14
"1877","G10","Positive_CTL","STHD",54,1080,331,7075,7406,4500,14
"1878","G11","Positive_CTL","STHD",34,680,147,5060,5207,4500,14
"1879","G12","Negative_CTL","STHD",0,0,0,7215,7215,4500,14
"1880","H10","Negative_CTL","STHD",0,0,0,6927,6927,4500,14
"1881","H11","Negative_CTL","STHD",0,0,0,7289,7289,4500,14
"1882","H12","Negative_CTL","STHD",0,0,0,6557,6557,4500,14
"1907","A04","EB_6/13/22","CARP",0,0,0,10983,10983,7000,15
"1908","A05","EB_6/13/22","CARP",0,0,0,12153,12153,7000,15
"1909","A06","EB_6/13/22","CARP",0,0,0,11536,11536,7000,15
"1910","B04","EB_6/14/22","CARP",0,0,0,12441,12441,7000,15
"1911","B05","EB_6/14/22","CARP",0,0,0,12114,12114,7000,15
"1912","B06","EB_6/14/22","CARP",0.08,1.6,1,14064,14065,7000,15
"1913","C04","EB_6/20/22","CARP",0,0,0,10406,10406,7000,15
"1914","C05","EB_6/20/22","CARP",0,0,0,10936,10936,7000,15
"1915","C06","EB_6/20/22","CARP",0,0,0,14621,14621,7000,15
"1916","D04","EB_6/22/22","CARP",0,0,0,15344,15344,7000,15
"1917","D05","EB_6/22/22","CARP",0,0,0,13223,13223,7000,15
"1918","D06","EB_6/22/22","CARP",0,0,0,12876,12876,7000,15
"1919","E04","EB_6/23/22","CARP",0,0,0,15113,15113,7000,15
"1920","E05","EB_6/23/22","CARP",0,0,0,13858,13858,7000,15
"1921","E06","EB_6/23/22","CARP",0,0,0,14539,14539,7000,15
"1922","F04","EB_6/27/22","CARP",0,0,0,13091,13091,7000,15
"1923","F05","EB_6/27/22","CARP",0,0,0,13923,13923,7000,15
"1924","F06","EB_6/27/22","CARP",0,0,0,13583,13583,7000,15
"1925","G04","EB_7/5/22","CARP",0,0,0,13948,13948,7000,15
"1926","G05","EB_7/5/22","CARP",0,0,0,14656,14656,7000,15
"1927","G06","EB_7/5/22","CARP",0,0,0,14569,14569,7000,15
"1928","H04","EB_7/5/22","CARP",0,0,0,14085,14085,7000,15
"1929","H05","EB_7/5/22","CARP",0,0,0,13134,13134,7000,15
"1930","H06","EB_7/5/22","CARP",0,0,0,15016,15016,7000,15
"1931","A07","EB_7/8/22","CARP",0,0,0,14565,14565,7000,15
"1932","B07","EB_7/8/22","CARP",0,0,0,13531,13531,7000,15
"1933","C07","EB_7/8/22","CARP",0,0,0,15228,15228,7000,15
"1934","A08","EB_7/18/22","CARP",0,0,0,7353,7353,7000,15
"1935","B08","EB_7/18/22","CARP",0,0,0,9629,9629,7000,15
"1936","C08","EB_7/18/22","CARP",0,0,0,8794,8794,7000,15
"1937","D07","Positive_CTL","CARP",86,1720,963,12659,13622,7000,15
"1938","D08","Positive_CTL","CARP",100,2000,694,7855,8549,7000,15
"1939","E07","Negative_CTL","CARP",0,0,0,14291,14291,7000,15
"1940","E08","Negative_CTL","CARP",0,0,0,9456,9456,7000,15
"1941","F07","Negative_CTL","CARP",0,0,0,14243,14243,7000,15
"1942","F08","Negative_CTL","CARP",0,0,0,10369,10369,7000,15
"1943","G07","Negative_CTL","CARP",0,0,0,14924,14924,7000,15
"1944","G08","Negative_CTL","CARP",0,0,0,10840,10840,7000,15
"1945","H07","Negative_CTL","CARP",0,0,0,14391,14391,7000,15
"1946","H08","Negative_CTL","CARP",0,0,0,11295,11295,7000,15
"1971","A04","EB_6/13/22","STHD",0,0,0,10983,10983,4500,15
"1972","A05","EB_6/13/22","STHD",0,0,0,12153,12153,4500,15
"1973","A06","EB_6/13/22","STHD",0,0,0,11536,11536,4500,15
"1974","B04","EB_6/14/22","STHD",0,0,0,12441,12441,4500,15
"1975","B05","EB_6/14/22","STHD",0,0,0,12114,12114,4500,15
"1976","B06","EB_6/14/22","STHD",0,0,0,14065,14065,4500,15
"1977","C04","EB_6/20/22","STHD",0,0,0,10406,10406,4500,15
"1978","C05","EB_6/20/22","STHD",0,0,0,10936,10936,4500,15
"1979","C06","EB_6/20/22","STHD",0,0,0,14621,14621,4500,15
"1980","D04","EB_6/22/22","STHD",0,0,0,15344,15344,4500,15
"1981","D05","EB_6/22/22","STHD",0,0,0,13223,13223,4500,15
"1982","D06","EB_6/22/22","STHD",0,0,0,12876,12876,4500,15
"1983","E04","EB_6/23/22","STHD",0,0,0,15113,15113,4500,15
"1984","E05","EB_6/23/22","STHD",0,0,0,13858,13858,4500,15
"1985","E06","EB_6/23/22","STHD",0,0,0,14539,14539,4500,15
"1986","F04","EB_6/27/22","STHD",0,0,0,13091,13091,4500,15
"1987","F05","EB_6/27/22","STHD",0,0,0,13923,13923,4500,15
"1988","F06","EB_6/27/22","STHD",0,0,0,13583,13583,4500,15
"1989","G04","EB_7/5/22","STHD",0,0,0,13948,13948,4500,15
"1990","G05","EB_7/5/22","STHD",0,0,0,14656,14656,4500,15
"1991","G06","EB_7/5/22","STHD",0,0,0,14569,14569,4500,15
"1992","H04","EB_7/5/22","STHD",0,0,0,14085,14085,4500,15
"1993","H05","EB_7/5/22","STHD",0,0,0,13134,13134,4500,15
"1994","H06","EB_7/5/22","STHD",0,0,0,15016,15016,4500,15
"1995","A07","EB_7/8/22","STHD",0,0,0,14565,14565,4500,15
"1996","B07","EB_7/8/22","STHD",0,0,0,13531,13531,4500,15
"1997","C07","EB_7/8/22","STHD",0,0,0,15228,15228,4500,15
"1998","A08","EB_7/18/22","STHD",0,0,0,7353,7353,4500,15
"1999","B08","EB_7/18/22","STHD",0,0,0,9629,9629,4500,15
"2000","C08","EB_7/18/22","STHD",0,0,0,8794,8794,4500,15
"2001","D07","Positive_CTL","STHD",70.6,1412,793,12829,13622,4500,15
"2002","D08","Positive_CTL","STHD",64,1280,452,8097,8549,4500,15
"2003","E07","Negative_CTL","STHD",0,0,0,14291,14291,4500,15
"2004","E08","Negative_CTL","STHD",0,0,0,9456,9456,4500,15
"2005","F07","Negative_CTL","STHD",0,0,0,14243,14243,4500,15
"2006","F08","Negative_CTL","STHD",0,0,0,10369,10369,4500,15
"2007","G07","Negative_CTL","STHD",0,0,0,14924,14924,4500,15
"2008","G08","Negative_CTL","STHD",0,0,0,10840,10840,4500,15
"2009","H07","Negative_CTL","STHD",0,0,0,14391,14391,4500,15
"2010","H08","Negative_CTL","STHD",0,0,0,11295,11295,4500,15
"2038","D04","Positive_CTL","CARP",96,1920,1168,13746,14914,7000,16
"2039","E04","Positive_CTL","CARP",61.6,1232,721,13419,14140,7000,16
"2040","F04","Negative_CTL","CARP",0,0,0,13587,13587,7000,16
"2041","G04","Negative_CTL","CARP",0,0,0,13523,13523,7000,16
"2042","H04","Negative_CTL","CARP",0,0,0,10715,10715,7000,16
"2070","D04","Positive_CTL","STHD",76.8,1536,942,13972,14914,4500,16
"2071","E04","Positive_CTL","STHD",70,1400,817,13323,14140,4500,16
"2072","F04","Negative_CTL","STHD",0,0,0,13587,13587,4500,16
"2073","G04","Negative_CTL","STHD",0,0,0,13523,13523,4500,16
"2074","H04","Negative_CTL","STHD",0,0,0,10715,10715,4500,16
"2079","C01","Negative_CTL","CARP",0,0,0,11719,11719,7000,17
"2080","C02","Negative_CTL","CARP",0,0,0,16133,16133,7000,17
"2081","D01","Negative_CTL","CARP",0,0,0,13269,13269,7000,17
"2082","D02","Negative_CTL","CARP",0,0,0,13744,13744,7000,17
"2101","F03","Negative_CTL","CARP",0,0,0,11307,11307,7000,17
"2102","F04","Negative_CTL","CARP",0,0,0,13620,13620,7000,17
"2103","G03","Negative_CTL","CARP",0,0,0,12404,12404,7000,17
"2104","G04","Negative_CTL","CARP",0,0,0,13358,13358,7000,17
"2105","H03","Positive_CTL","CARP",58.7,1174,650,12695,13345,7000,17
"2106","H04","Positive_CTL","CARP",60.2,1204,600,11419,12019,7000,17
"2111","C01","Negative_CTL","STHD",0,0,0,11719,11719,4500,17
"2112","C02","Negative_CTL","STHD",0,0,0,16133,16133,4500,17
"2113","D01","Negative_CTL","STHD",0,0,0,13269,13269,4500,17
"2114","D02","Negative_CTL","STHD",0,0,0,13744,13744,4500,17
"2133","F03","Negative_CTL","STHD",0,0,0,11307,11307,4500,17
"2134","F04","Negative_CTL","STHD",0,0,0,13620,13620,4500,17
"2135","G03","Negative_CTL","STHD",0,0,0,12404,12404,4500,17
"2136","G04","Negative_CTL","STHD",0,0,0,13358,13358,4500,17
"2137","H03","Positive_CTL","STHD",63.3,1266,699,12646,13345,4500,17
"2138","H04","Positive_CTL","STHD",65,1300,644,11375,12019,4500,17
"2187","A07","Positive_CTL","CARP",41.8,836,397,10967,11364,7000,18
"2188","B07","Positive_CTL","CARP",0,0,0,9096,9096,7000,18
"2189","C07","Negative_CTL","CARP",0,0,0,9063,9063,7000,18
"2190","D07","Negative_CTL","CARP",0,0,0,9840,9840,7000,18
"2191","E07","Negative_CTL","CARP",0,0,0,15041,15041,7000,18
"2192","F07","Negative_CTL","CARP",0.11,2.2,1,10231,10232,7000,18
"2193","G07","Negative_CTL","CARP",0,0,0,13843,13843,7000,18
"2194","H07","Negative_CTL","CARP",0,0,0,11953,11953,7000,18
"2243","A07","Positive_CTL","STHD",259,5180,2242,9122,11364,4500,18
"2244","B07","Positive_CTL","STHD",0,0,0,9096,9096,4500,18
"2245","C07","Negative_CTL","STHD",0,0,0,9063,9063,4500,18
"2246","D07","Negative_CTL","STHD",0,0,0,9840,9840,4500,18
"2247","E07","Negative_CTL","STHD",0,0,0,15041,15041,4500,18
"2248","F07","Negative_CTL","STHD",0.11,2.2,1,10231,10232,4500,18
"2249","G07","Negative_CTL","STHD",0,0,0,13843,13843,4500,18
"2250","H07","Negative_CTL","STHD",0,0,0,11953,11953,4500,18
