"","Sample","Target","Well","CopiesPer20uLWell","Positives","Negatives","AcceptedDroplets","Threshold","Run","Dilution","Concentration","Meso.Num","Time","Size","Vol.Filtered.mL","GC.mL","Time.hr","Row","Treatment","Meso.Volume.mL","turbidity.NTU","pH","temp.C","doc.mg.L","velocity.m.s","depth.m","width.m","q.L.s","Total.ER.mg.hr","Water.ER.mg.hr.L","Leaf.ER.mg.hr.m2","NH4.ugN.L","NO3.ugN.L","SRP.ugP.L","Gc.mesocosm"
"1","M10_T1A_0.4","CARP","*",173.333333333333,224,30970,31194,7000,6,1,8.49,"M10","T1A",0.4,200,10.6125,0.666666667,2,"BFH",24800,0.63,8.65,14.9,8.6,0.17,0.083,0.168,2.37048,0.028038462,-0.155555556,NA,5.233,225.3,10.62,263190
"2","M10_T1A_0.4","STHD","*",1231.33333333333,1600,29594,31194,4500,6,1,62.09,"M10","T1A",0.4,200,77.6125,0.666666667,2,"BFH",24800,0.63,8.65,14.9,8.6,0.17,0.083,0.168,2.37048,0.028038462,-0.155555556,NA,5.233,225.3,10.62,1924790
"3","M10_T1A_1.2","CARP","*",240,305,30098,30403,7000,6,1,11.88,"M10","T1A",1.2,200,14.85,0.666666667,2,"BFH",24800,0.63,8.65,14.9,8.6,0.17,0.083,0.168,2.37048,0.028038462,-0.155555556,NA,5.233,225.3,10.62,368280
"4","M10_T1A_1.2","STHD","*",850.666666666667,1078,29325,30403,4500,6,1,42.57,"M10","T1A",1.2,200,53.2125,0.666666667,2,"BFH",24800,0.63,8.65,14.9,8.6,0.17,0.083,0.168,2.37048,0.028038462,-0.155555556,NA,5.233,225.3,10.62,1319670
"5","M10_T2_0.4","CARP","*",68.6666666666667,101,34934,35035,7000,6,1,3.4,"M10","T2",0.4,200,4.25,6,2,"BFH",24666.66667,0.32,8.87,13.6,NA,0.16,0.082,0.168,2.20416,0.028038462,-0.155555556,NA,NA,NA,NA,104833.3333475
"6","M10_T2_0.4","STHD","*",393.333333333333,580,34455,35035,4500,6,1,19.68,"M10","T2",0.4,200,24.6,6,2,"BFH",24666.66667,0.32,8.87,13.6,NA,0.16,0.082,0.168,2.20416,0.028038462,-0.155555556,NA,NA,NA,NA,606800.000082
"7","M10_T2_1.2","CARP","*",59.3333333333333,98,38634,38732,7000,6,1,2.98,"M10","T2",1.2,200,3.725,6,2,"BFH",24666.66667,0.32,8.87,13.6,NA,0.16,0.082,0.168,2.20416,0.028038462,-0.155555556,NA,NA,NA,NA,91883.33334575
"8","M10_T2_1.2","STHD","*",254,416,38316,38732,4500,6,1,12.73,"M10","T2",1.2,200,15.9125,6,2,"BFH",24666.66667,0.32,8.87,13.6,NA,0.16,0.082,0.168,2.20416,0.028038462,-0.155555556,NA,NA,NA,NA,392508.333386375
"9","M10_T3_0.4","CARP","*",9.66666666666667,13,32256,32269,7000,7,1,0.47,"M10","T3",0.4,200,0.5875,18,2,"BFH",23666.66667,0.4,8.9,12.7,NA,0.15,0.079,0.168,1.9908,0.028038462,-0.155555556,NA,NA,NA,NA,13904.166668625
"10","M10_T3_0.4","STHD","*",33.3333333333333,45,32224,32269,4500,7,1,1.64,"M10","T3",0.4,200,2.05,18,2,"BFH",23666.66667,0.4,8.9,12.7,NA,0.15,0.079,0.168,1.9908,0.028038462,-0.155555556,NA,NA,NA,NA,48516.6666735
"11","M10_T3_1.2","CARP","*",23.3333333333333,39,39630,39669,7000,7,1,1.15,"M10","T3",1.2,200,1.4375,18,2,"BFH",23666.66667,0.4,8.9,12.7,NA,0.15,0.079,0.168,1.9908,0.028038462,-0.155555556,NA,NA,NA,NA,34020.833338125
"12","M10_T3_1.2","STHD","*",154,258,39411,39669,4500,7,1,7.69,"M10","T3",1.2,200,9.6125,18,2,"BFH",23666.66667,0.4,8.9,12.7,NA,0.15,0.079,0.168,1.9908,0.028038462,-0.155555556,NA,NA,NA,NA,227495.833365375
"13","M10_T4_0.4","CARP","*",1.26666666666667,2,38292,38294,7000,8,1,0.06,"M10","T4",0.4,200,0.075,30,2,"BFH",22333.33333,0.38,8.94,14.7,18.5,0.14,0.075,0.168,1.764,0.028038462,-0.155555556,NA,1.613,67.5,17.05,1674.99999975
"14","M10_T4_0.4","STHD","*",5.06666666666667,8,38286,38294,4500,8,1,0.24,"M10","T4",0.4,200,0.3,30,2,"BFH",22333.33333,0.38,8.94,14.7,18.5,0.14,0.075,0.168,1.764,0.028038462,-0.155555556,NA,1.613,67.5,17.05,6699.999999
"15","M10_T4_1.2","CARP","*",5.6,8,33749,33757,7000,8,1,0.27,"M10","T4",1.2,200,0.3375,30,2,"BFH",22333.33333,0.38,8.94,14.7,18.5,0.14,0.075,0.168,1.764,0.028038462,-0.155555556,NA,1.613,67.5,17.05,7537.499998875
"16","M10_T4_1.2","STHD","*",50.6666666666667,73,33684,33757,4500,8,1,2.55,"M10","T4",1.2,200,3.1875,30,2,"BFH",22333.33333,0.38,8.94,14.7,18.5,0.14,0.075,0.168,1.764,0.028038462,-0.155555556,NA,1.613,67.5,17.05,71187.499989375
"17","M11_T1A_0.4","CARP","*",154.666666666667,231,34779,35010,7000,6,1,7.8,"M11","T1A",0.4,200,9.75,0.666666667,2,"BFL",24800,2.31,8.58,14,5.9,0.15,0.082,0.168,2.0664,-0.0065625,-0.008333333,NA,11.36,323,11.41,241800
"18","M11_T1A_0.4","STHD","*",1204.66666666667,1756,33254,35010,4500,6,1,60.68,"M11","T1A",0.4,200,75.85,0.666666667,2,"BFL",24800,2.31,8.58,14,5.9,0.15,0.082,0.168,2.0664,-0.0065625,-0.008333333,NA,11.36,323,11.41,1881080
"19","M11_T1A_1.2","CARP","*",206,288,32787,33075,7000,6,1,10.31,"M11","T1A",1.2,200,12.8875,0.666666667,2,"BFL",24800,2.31,8.58,14,5.9,0.15,0.082,0.168,2.0664,-0.0065625,-0.008333333,NA,11.36,323,11.41,319610
"20","M11_T1A_1.2","STHD","*",714.666666666667,988,32087,33075,4500,6,1,35.76,"M11","T1A",1.2,200,44.7,0.666666667,2,"BFL",24800,2.31,8.58,14,5.9,0.15,0.082,0.168,2.0664,-0.0065625,-0.008333333,NA,11.36,323,11.41,1108560
"21","M11_T2_0.4","CARP","*",28.6666666666667,42,34407,34449,7000,6,1,1.43,"M11","T2",0.4,200,1.7875,6,2,"BFL",24333.33333,0.34,8.83,13.2,NA,0.14,0.08,0.168,1.8816,-0.0065625,-0.008333333,NA,NA,NA,NA,43495.833327375
"22","M11_T2_0.4","STHD","*",159.333333333333,233,34216,34449,4500,6,1,8,"M11","T2",0.4,200,10,6,2,"BFL",24333.33333,0.34,8.83,13.2,NA,0.14,0.08,0.168,1.8816,-0.0065625,-0.008333333,NA,NA,NA,NA,243333.3333
"23","M11_T2_1.2","CARP","*",117,355,71577,71932,7000,6,1,5.83,"M11","T2",1.2,200,7.2875,6,2,"BFL",24333.33333,0.34,8.83,13.2,NA,0.14,0.08,0.168,1.8816,-0.0065625,-0.008333333,NA,NA,NA,NA,177329.166642375
"24","M11_T2_1.2","STHD","*",487.666666666667,1473,70459,71932,4500,6,1,24.39,"M11","T2",1.2,200,30.4875,6,2,"BFL",24333.33333,0.34,8.83,13.2,NA,0.14,0.08,0.168,1.8816,-0.0065625,-0.008333333,NA,NA,NA,NA,741862.499898375
"25","M11_T3_0.4","CARP","*",14.7333333333333,22,37666,37688,7000,7,1,0.68,"M11","T3",0.4,200,0.85,18,2,"BFL",23333.33333,0.44,8.78,12.8,NA,0.13,0.077,0.168,1.68168,-0.0065625,-0.008333333,NA,NA,NA,NA,19833.3333305
"26","M11_T3_0.4","STHD","*",30.6666666666667,50,37638,37688,4500,7,1,1.56,"M11","T3",0.4,200,1.95,18,2,"BFL",23333.33333,0.44,8.78,12.8,NA,0.13,0.077,0.168,1.68168,-0.0065625,-0.008333333,NA,NA,NA,NA,45499.9999935
"27","M11_T3_1.2","CARP","*",22.6666666666667,38,37128,37166,7000,7,1,1.2,"M11","T3",1.2,200,1.5,18,2,"BFL",23333.33333,0.44,8.78,12.8,NA,0.13,0.077,0.168,1.68168,-0.0065625,-0.008333333,NA,NA,NA,NA,34999.999995
"28","M11_T3_1.2","STHD","*",308,484,36682,37166,4500,7,1,15.45,"M11","T3",1.2,200,19.3125,18,2,"BFL",23333.33333,0.44,8.78,12.8,NA,0.13,0.077,0.168,1.68168,-0.0065625,-0.008333333,NA,NA,NA,NA,450624.999935625
"29","M11_T4_0.4","CARP","*",0.333333333333333,2,96146,96148,7000,8,1,0.02,"M11","T4",0.4,200,0.025,30,2,"BFL",22000,0.42,8.77,14.4,12.8,0.12,0.073,0.168,1.47168,-0.0065625,-0.008333333,NA,2.064,154.7,13.7,550
"30","M11_T4_0.4","STHD","*",0.644444444444444,3,96145,96148,4500,8,1,0.03,"M11","T4",0.4,200,0.0375,30,2,"BFL",22000,0.42,8.77,14.4,12.8,0.12,0.073,0.168,1.47168,-0.0065625,-0.008333333,NA,2.064,154.7,13.7,825
"31","M11_T4_1.2","CARP","*",10.2,14,33898,33912,7000,8,1,0.48,"M11","T4",1.2,200,0.6,30,2,"BFL",22000,0.42,8.77,14.4,12.8,0.12,0.073,0.168,1.47168,-0.0065625,-0.008333333,NA,2.064,154.7,13.7,13200
"32","M11_T4_1.2","STHD","*",126.666666666667,187,33725,33912,4500,8,1,6.52,"M11","T4",1.2,200,8.15,30,2,"BFL",22000,0.42,8.77,14.4,12.8,0.12,0.073,0.168,1.47168,-0.0065625,-0.008333333,NA,2.064,154.7,13.7,179300
"33","M12_T1A_0.4","CARP","*",166.666666666667,262,36523,36785,7000,6,1,8.42,"M12","T1A",0.4,200,10.525,0.666666667,2,"DOC",24800,0.58,8.63,13.2,74.5,0.14,0.082,0.168,1.92864,NA,-0.348251748,NA,87.86,356,328.7,261020
"34","M12_T1A_0.4","STHD","*",1169.33333333333,1794,34991,36785,4500,6,1,58.96,"M12","T1A",0.4,200,73.7,0.666666667,2,"DOC",24800,0.58,8.63,13.2,74.5,0.14,0.082,0.168,1.92864,NA,-0.348251748,NA,87.86,356,328.7,1827760
"35","M12_T1A_1.2","CARP","*",454,659,33605,34264,7000,6,1,22.9,"M12","T1A",1.2,200,28.625,0.666666667,2,"DOC",24800,0.58,8.63,13.2,74.5,0.14,0.082,0.168,1.92864,NA,-0.348251748,NA,87.86,356,328.7,709900
"36","M12_T1A_1.2","STHD","*",1986.66666666667,2778,31486,34264,4500,6,1,99.7,"M12","T1A",1.2,200,124.625,0.666666667,2,"DOC",24800,0.58,8.63,13.2,74.5,0.14,0.082,0.168,1.92864,NA,-0.348251748,NA,87.86,356,328.7,3090700
"37","M12_T2_0.4","CARP","*",18,28,34532,34560,7000,6,1,0.95,"M12","T2",0.4,200,1.1875,6,2,"DOC",24333.33333,3.47,8.79,12.9,NA,0.13,0.08,0.168,1.792,NA,-0.348251748,NA,NA,NA,NA,28895.833329375
"38","M12_T2_0.4","STHD","*",130.666666666667,204,34356,34560,4500,6,1,6.98,"M12","T2",0.4,200,8.725,6,2,"DOC",24333.33333,3.47,8.79,12.9,NA,0.13,0.08,0.168,1.792,NA,-0.348251748,NA,NA,NA,NA,212308.33330425
"39","M12_T2_1.2","CARP","*",609.333333333333,943,35930,36873,7000,6,1,30.55,"M12","T2",1.2,200,38.1875,6,2,"DOC",24333.33333,3.47,8.79,12.9,NA,0.13,0.08,0.168,1.792,NA,-0.348251748,NA,NA,NA,NA,929229.166539375
"40","M12_T2_1.2","STHD","*",2220,3319,33554,36873,4500,6,1,111.23,"M12","T2",1.2,200,139.0375,6,2,"DOC",24333.33333,3.47,8.79,12.9,NA,0.13,0.08,0.168,1.792,NA,-0.348251748,NA,NA,NA,NA,3383245.83286988
"41","M12_T3_0.4","CARP","*",2.5,8,67797,67805,7000,7,1,0.13,"M12","T3",0.4,200,0.1625,18,2,"DOC",23333.33333,4.36,8.88,12.4,NA,0.13,0.077,0.168,1.63856,NA,-0.348251748,NA,NA,NA,NA,3791.666666125
"42","M12_T3_0.4","STHD","*",20.0666666666667,60,67745,67805,4500,7,1,1.04,"M12","T3",0.4,200,1.3,18,2,"DOC",23333.33333,4.36,8.88,12.4,NA,0.13,0.077,0.168,1.63856,NA,-0.348251748,NA,NA,NA,NA,30333.333329
"43","M12_T3_1.2","CARP","*",45.3333333333333,67,35540,35607,7000,7,1,2.22,"M12","T3",1.2,200,2.775,18,2,"DOC",23333.33333,4.36,8.88,12.4,NA,0.13,0.077,0.168,1.63856,NA,-0.348251748,NA,NA,NA,NA,64749.99999075
"44","M12_T3_1.2","STHD","*",203.333333333333,305,35302,35607,4500,7,1,10.14,"M12","T3",1.2,200,12.675,18,2,"DOC",23333.33333,4.36,8.88,12.4,NA,0.13,0.077,0.168,1.63856,NA,-0.348251748,NA,NA,NA,NA,295749.99995775
"45","M12_T4_0.4","CARP","*",6.8,10,33838,33848,7000,8,1,0.34,"M12","T4",0.4,189,0.44973544973545,30,2,"DOC",22000,8.5,8.85,14.4,75.7,0.12,0.073,0.168,1.47168,NA,-0.348251748,NA,20.93,301.1,255.1,9894.17989417989
"46","M12_T4_0.4","STHD","*",60,87,33761,33848,4500,8,1,3.03,"M12","T4",0.4,189,4.00793650793651,30,2,"DOC",22000,8.5,8.85,14.4,75.7,0.12,0.073,0.168,1.47168,NA,-0.348251748,NA,20.93,301.1,255.1,88174.6031746032
"47","M12_T4_1.2","CARP","*",50.6666666666667,59,26512,26571,7000,8,1,2.62,"M12","T4",1.2,189,3.46560846560847,30,2,"DOC",22000,8.5,8.85,14.4,75.7,0.12,0.073,0.168,1.47168,NA,-0.348251748,NA,20.93,301.1,255.1,76243.3862433862
"48","M12_T4_1.2","STHD","*",276.666666666667,323,26248,26571,4500,8,1,14.42,"M12","T4",1.2,189,19.0740740740741,30,2,"DOC",22000,8.5,8.85,14.4,75.7,0.12,0.073,0.168,1.47168,NA,-0.348251748,NA,20.93,301.1,255.1,419629.62962963
"49","M13_T1A_0.4","CARP","*",100.666666666667,125,29672,29797,7000,8,1,4.95,"M13","T1A",0.4,200,6.1875,0.666666667,3,"NCH",24800,0.44,8.54,14.7,13.5,0.14,0.075,0.168,1.764,-0.016161972,0.042253521,NA,14.62,341,30.82,153450
"50","M13_T1A_0.4","STHD","*",854,1065,28732,29797,4500,8,1,42.92,"M13","T1A",0.4,200,53.65,0.666666667,3,"NCH",24800,0.44,8.54,14.7,13.5,0.14,0.075,0.168,1.764,-0.016161972,0.042253521,NA,14.62,341,30.82,1330520
"51","M13_T1A_1.2","CARP","*",527.333333333333,706,30990,31696,7000,8,1,26.56,"M13","T1A",1.2,200,33.2,0.666666667,3,"NCH",24800,0.44,8.54,14.7,13.5,0.14,0.075,0.168,1.764,-0.016161972,0.042253521,NA,14.62,341,30.82,823360
"52","M13_T1A_1.2","STHD","*",2953.33333333333,3749,27947,31696,4500,8,1,148.44,"M13","T1A",1.2,200,185.55,0.666666667,3,"NCH",24800,0.44,8.54,14.7,13.5,0.14,0.075,0.168,1.764,-0.016161972,0.042253521,NA,14.62,341,30.82,4601640
"53","M13_T2_0.4","CARP","*",52.6666666666667,76,34363,34439,7000,8,1,2.6,"M13","T2",0.4,200,3.25,6,3,"NCH",24666.66667,0.73,8.81,13.9,NA,0.12,0.074,0.168,1.49184,-0.016161972,0.042253521,NA,NA,NA,NA,80166.6666775
"54","M13_T2_0.4","STHD","*",493.333333333333,727,33712,34439,4500,8,1,25.16,"M13","T2",0.4,200,31.45,6,3,"NCH",24666.66667,0.73,8.81,13.9,NA,0.12,0.074,0.168,1.49184,-0.016161972,0.042253521,NA,NA,NA,NA,775766.6667715
"55","M13_T2_1.2","CARP","*",249.333333333333,356,33212,33568,7000,8,1,12.57,"M13","T2",1.2,200,15.7125,6,3,"NCH",24666.66667,0.73,8.81,13.9,NA,0.12,0.074,0.168,1.49184,-0.016161972,0.042253521,NA,NA,NA,NA,387575.000052375
"56","M13_T2_1.2","STHD","*",1240.66666666667,1726,31842,33568,4500,8,1,62.24,"M13","T2",1.2,200,77.8,6,3,"NCH",24666.66667,0.73,8.81,13.9,NA,0.12,0.074,0.168,1.49184,-0.016161972,0.042253521,NA,NA,NA,NA,1919066.666926
"57","M13_T3_0.4","CARP","*",28,45,38873,38918,7000,10,1,1.36,"M13","T3",0.4,200,1.7,18,3,"NCH",23666.66667,0.81,8.85,13,NA,0.1,0.071,0.168,1.1928,-0.016161972,0.042253521,NA,NA,NA,NA,40233.333339
"58","M13_T3_0.4","STHD","*",146,242,38676,38918,4500,10,1,7.35,"M13","T3",0.4,200,9.1875,18,3,"NCH",23666.66667,0.81,8.85,13,NA,0.1,0.071,0.168,1.1928,-0.016161972,0.042253521,NA,NA,NA,NA,217437.500030625
"59","M13_T3_1.2","CARP","*",92,146,38095,38241,7000,10,1,4.51,"M13","T3",1.2,200,5.6375,18,3,"NCH",23666.66667,0.81,8.85,13,NA,0.1,0.071,0.168,1.1928,-0.016161972,0.042253521,NA,NA,NA,NA,133420.833352125
"60","M13_T3_1.2","STHD","*",438,712,37529,38241,4500,10,1,22.16,"M13","T3",1.2,200,27.7,18,3,"NCH",23666.66667,0.81,8.85,13,NA,0.1,0.071,0.168,1.1928,-0.016161972,0.042253521,NA,NA,NA,NA,655566.666759
"61","M13_T4_0.4","CARP","*",6.2,11,40063,40074,7000,10,1,0.32,"M13","T4",0.4,200,0.4,30,3,"NCH",22333.33333,0.83,8.87,14.3,30.1,0.08,0.067,0.168,0.90048,-0.016161972,0.042253521,NA,10.39,240.2,20.67,8933.333332
"62","M13_T4_0.4","STHD","*",46,77,39997,40074,4500,10,1,2.26,"M13","T4",0.4,200,2.825,30,3,"NCH",22333.33333,0.83,8.87,14.3,30.1,0.08,0.067,0.168,0.90048,-0.016161972,0.042253521,NA,10.39,240.2,20.67,63091.66665725
"63","M13_T4_1.2","CARP","*",27.3333333333333,49,41932,41981,7000,10,1,1.37,"M13","T4",1.2,200,1.7125,30,3,"NCH",22333.33333,0.83,8.87,14.3,30.1,0.08,0.067,0.168,0.90048,-0.016161972,0.042253521,NA,10.39,240.2,20.67,38245.833327625
"64","M13_T4_1.2","STHD","*",192.666666666667,342,41639,41981,4500,10,1,9.64,"M13","T4",1.2,200,12.05,30,3,"NCH",22333.33333,0.83,8.87,14.3,30.1,0.08,0.067,0.168,0.90048,-0.016161972,0.042253521,NA,10.39,240.2,20.67,269116.6666265
"65","M14_T1A_0.4","CARP","*",64.6666666666667,89,32579,32668,7000,8,1,3.21,"M14","T1A",0.4,200,4.0125,0.666666667,3,"BFL",24800,2.79,8.55,15.1,7,0.16,0.076,0.168,2.04288,-0.010267606,-0.085106383,NA,8.132,327.2,13.95,99510
"66","M14_T1A_0.4","STHD","*",579.333333333333,797,31871,32668,4500,8,1,29.12,"M14","T1A",0.4,200,36.4,0.666666667,3,"BFL",24800,2.79,8.55,15.1,7,0.16,0.076,0.168,2.04288,-0.010267606,-0.085106383,NA,8.132,327.2,13.95,902720
"67","M14_T1A_1.2","CARP","*",357.333333333333,536,35078,35614,7000,8,1,17.88,"M14","T1A",1.2,200,22.35,0.666666667,3,"BFL",24800,2.79,8.55,15.1,7,0.16,0.076,0.168,2.04288,-0.010267606,-0.085106383,NA,8.132,327.2,13.95,554280
"68","M14_T1A_1.2","STHD","*",1740,2536,33078,35614,4500,8,1,87.11,"M14","T1A",1.2,200,108.8875,0.666666667,3,"BFL",24800,2.79,8.55,15.1,7,0.16,0.076,0.168,2.04288,-0.010267606,-0.085106383,NA,8.132,327.2,13.95,2700410
"69","M14_T2_0.4","CARP","*",54.6666666666667,88,37978,38066,7000,10,1,2.72,"M14","T2",0.4,200,3.4,6,3,"BFL",24666.66667,1.45,8.66,14.1,NA,0.15,0.075,0.168,1.848,-0.010267606,-0.085106383,NA,NA,NA,NA,83866.666678
"70","M14_T2_0.4","STHD","*",416,664,37402,38066,4500,10,1,20.75,"M14","T2",0.4,200,25.9375,6,3,"BFL",24666.66667,1.45,8.66,14.1,NA,0.15,0.075,0.168,1.848,-0.010267606,-0.085106383,NA,NA,NA,NA,639791.666753125
"71","M14_T2_1.2","CARP","*",90.6666666666667,128,32573,32701,7000,10,1,4.62,"M14","T2",1.2,200,5.775,6,3,"BFL",24666.66667,1.45,8.66,14.1,NA,0.15,0.075,0.168,1.848,-0.010267606,-0.085106383,NA,NA,NA,NA,142450.00001925
"72","M14_T2_1.2","STHD","*",606,829,31872,32701,4500,10,1,30.28,"M14","T2",1.2,200,37.85,6,3,"BFL",24666.66667,1.45,8.66,14.1,NA,0.15,0.075,0.168,1.848,-0.010267606,-0.085106383,NA,NA,NA,NA,933633.3334595
"73","M14_T3_0.4","CARP","*",6.06666666666667,9,37281,37290,7000,10,1,0.28,"M14","T3",0.4,200,0.35,18,3,"BFL",23666.66667,0.33,8.67,13,NA,0.13,0.072,0.168,1.6128,-0.010267606,-0.085106383,NA,NA,NA,NA,8283.3333345
"74","M14_T3_0.4","STHD","*",24.6666666666667,39,37251,37290,4500,10,1,1.23,"M14","T3",0.4,200,1.5375,18,3,"BFL",23666.66667,0.33,8.67,13,NA,0.13,0.072,0.168,1.6128,-0.010267606,-0.085106383,NA,NA,NA,NA,36387.500005125
"75","M14_T3_1.2","CARP","*",13,20,38346,38366,7000,10,1,0.61,"M14","T3",1.2,200,0.7625,18,3,"BFL",23666.66667,0.33,8.67,13,NA,0.13,0.072,0.168,1.6128,-0.010267606,-0.085106383,NA,NA,NA,NA,18045.833335875
"76","M14_T3_1.2","STHD","*",166.666666666667,268,38098,38366,4500,10,1,8.26,"M14","T3",1.2,200,10.325,18,3,"BFL",23666.66667,0.33,8.67,13,NA,0.13,0.072,0.168,1.6128,-0.010267606,-0.085106383,NA,NA,NA,NA,244358.33336775
"77","M14_T4_0.4","CARP","*",1.4,2,35888,35890,7000,10,1,0.06,"M14","T4",0.4,200,0.075,30,3,"BFL",22666.66667,0.31,8.74,14.5,11,0.12,0.069,0.168,1.39104,-0.010267606,-0.085106383,NA,-0.8508,154.8,14.37,1700.00000025
"78","M14_T4_0.4","STHD","*",10.3333333333333,15,35875,35890,4500,10,1,0.49,"M14","T4",0.4,200,0.6125,30,3,"BFL",22666.66667,0.31,8.74,14.5,11,0.12,0.069,0.168,1.39104,-0.010267606,-0.085106383,NA,-0.8508,154.8,14.37,13883.333335375
"79","M14_T4_1.2","CARP","*",7.33333333333333,13,41874,41887,7000,10,1,0.36,"M14","T4",1.2,200,0.45,30,3,"BFL",22666.66667,0.31,8.74,14.5,11,0.12,0.069,0.168,1.39104,-0.010267606,-0.085106383,NA,-0.8508,154.8,14.37,10200.0000015
"80","M14_T4_1.2","STHD","*",68,121,41766,41887,4500,10,1,3.41,"M14","T4",1.2,200,4.2625,30,3,"BFL",22666.66667,0.31,8.74,14.5,11,0.12,0.069,0.168,1.39104,-0.010267606,-0.085106383,NA,-0.8508,154.8,14.37,96616.666680875
"81","M15_T1A_0.4","CARP","*",44.6,113,53970,54083,7000,14,1,2.46,"M15","T1A",0.4,200,3.075,0.666666667,3,"DOC",24800,1.66,8.63,14.7,4.3,0.19,0.075,0.168,2.394,NA,0.097777778,NA,107.5,364.1,264.9,76260
"82","M15_T1A_0.4","STHD","*",307.2,868,53215,54083,4500,14,1,19.07,"M15","T1A",0.4,200,23.8375,0.666666667,3,"DOC",24800,1.66,8.63,14.7,4.3,0.19,0.075,0.168,2.394,NA,0.097777778,NA,107.5,364.1,264.9,591170
"83","M15_T1A_0.4_2","CARP","*",75,86,26952,27038,7000,17,2,7.51,"M15","T1A",0.4,200,9.3875,0.666666667,3,"DOC",24800,1.66,8.63,14.7,4.3,0.19,0.075,0.168,2.394,NA,0.097777778,NA,107.5,364.1,264.9,232810
"84","M15_T1A_0.4_2","STHD","*",635,720,26318,27038,4500,17,2,63.65,"M15","T1A",0.4,200,79.5625,0.666666667,3,"DOC",24800,1.66,8.63,14.7,4.3,0.19,0.075,0.168,2.394,NA,0.097777778,NA,107.5,364.1,264.9,1973150
"85","M15_T1A_1.2","CARP","*",651.333333333333,994,35413,36407,7000,8,1,32.64,"M15","T1A",1.2,200,40.8,0.666666667,3,"DOC",24800,1.66,8.63,14.7,4.3,0.19,0.075,0.168,2.394,NA,0.097777778,NA,107.5,364.1,264.9,1011840
"86","M15_T1A_1.2","STHD","*",3026.66666666667,4392,32015,36407,4500,8,1,151.59,"M15","T1A",1.2,200,189.4875,0.666666667,3,"DOC",24800,1.66,8.63,14.7,4.3,0.19,0.075,0.168,2.394,NA,0.097777778,NA,107.5,364.1,264.9,4699290
"87","M15_T2_0.4","CARP","*",72.6666666666667,126,40761,40887,7000,10,1,3.63,"M15","T2",0.4,200,4.5375,6,3,"DOC",24333.33333,3.69,8.79,14.1,NA,0.19,0.073,0.168,2.28928,NA,0.097777778,NA,NA,NA,NA,110412.499984875
"88","M15_T2_0.4","STHD","*",517.333333333333,888,39999,40887,4500,10,1,25.89,"M15","T2",0.4,200,32.3625,6,3,"DOC",24333.33333,3.69,8.79,14.1,NA,0.19,0.073,0.168,2.28928,NA,0.097777778,NA,NA,NA,NA,787487.499892125
"89","M15_T2_1.2","CARP","*",2.92,8,51883,51891,7000,14,1,0.18,"M15","T2",1.2,200,0.225,6,3,"DOC",24333.33333,3.69,8.79,14.1,NA,0.19,0.073,0.168,2.28928,NA,0.097777778,NA,NA,NA,NA,5474.99999925
"90","M15_T2_1.2","STHD","*",67.2,202,51689,51891,4500,14,1,4.59,"M15","T2",1.2,200,5.7375,6,3,"DOC",24333.33333,3.69,8.79,14.1,NA,0.19,0.073,0.168,2.28928,NA,0.097777778,NA,NA,NA,NA,139612.499980875
"91","M15_T2_1.2_10","CARP","*",28,29,24720,24749,7000,17,10,13.82,"M15","T2",1.2,200,17.275,6,3,"DOC",24333.33333,3.69,8.79,14.1,NA,0.19,0.073,0.168,2.28928,NA,0.097777778,NA,NA,NA,NA,420358.33327575
"92","M15_T2_1.2_10","STHD","*",108,116,24633,24749,4500,17,10,55.4,"M15","T2",1.2,200,69.25,6,3,"DOC",24333.33333,3.69,8.79,14.1,NA,0.19,0.073,0.168,2.28928,NA,0.097777778,NA,NA,NA,NA,1685083.3331025
"93","M15_T2_1.2_2","CARP","*",216,215,22620,22835,7000,17,2,22.31,"M15","T2",1.2,200,27.8875,6,3,"DOC",24333.33333,3.69,8.79,14.1,NA,0.19,0.073,0.168,2.28928,NA,0.097777778,NA,NA,NA,NA,678595.833240375
"94","M15_T2_1.2_2","STHD","*",825,818,22017,22835,4500,17,2,86.03,"M15","T2",1.2,200,107.5375,6,3,"DOC",24333.33333,3.69,8.79,14.1,NA,0.19,0.073,0.168,2.28928,NA,0.097777778,NA,NA,NA,NA,2616745.83297487
"95","M15_T2_1.2_5","CARP","*",56,73,30407,30480,7000,17,5,14.13,"M15","T2",1.2,200,17.6625,6,3,"DOC",24333.33333,3.69,8.79,14.1,NA,0.19,0.073,0.168,2.28928,NA,0.097777778,NA,NA,NA,NA,429787.499941125
"96","M15_T2_1.2_5","STHD","*",271,349,30131,30480,4500,17,5,67.9,"M15","T2",1.2,200,84.875,6,3,"DOC",24333.33333,3.69,8.79,14.1,NA,0.19,0.073,0.168,2.28928,NA,0.097777778,NA,NA,NA,NA,2065291.66638375
"97","M15_T3_0.4","CARP","*",11.6,16,32425,32441,7000,10,1,0.58,"M15","T3",0.4,200,0.725,18,3,"DOC",23666.66667,5.67,8.85,13.1,NA,0.18,0.071,0.168,2.1868,NA,0.097777778,NA,NA,NA,NA,17158.33333575
"98","M15_T3_0.4","STHD","*",130,180,32261,32441,4500,10,1,6.56,"M15","T3",0.4,200,8.2,18,3,"DOC",23666.66667,5.67,8.85,13.1,NA,0.18,0.071,0.168,2.1868,NA,0.097777778,NA,NA,NA,NA,194066.666694
"99","M15_T3_1.2","CARP","*",10.8,18,48326,48344,7000,14,1,0.43,"M15","T3",1.2,200,0.5375,18,3,"DOC",23666.66667,5.67,8.85,13.1,NA,0.18,0.071,0.168,2.1868,NA,0.097777778,NA,NA,NA,NA,12720.833335125
"100","M15_T3_1.2","STHD","*",0,0,48344,48344,4500,14,1,0,"M15","T3",1.2,200,0,18,3,"DOC",23666.66667,5.67,8.85,13.1,NA,0.18,0.071,0.168,2.1868,NA,0.097777778,NA,NA,NA,NA,0
"101","M15_T3_1.2_10","CARP","*",9.4,11,27386,27397,7000,17,10,4.73,"M15","T3",1.2,200,5.9125,18,3,"DOC",23666.66667,5.67,8.85,13.1,NA,0.18,0.071,0.168,2.1868,NA,0.097777778,NA,NA,NA,NA,139929.166686375
"102","M15_T3_1.2_10","STHD","*",62,73,27324,27397,4500,17,10,31.46,"M15","T3",1.2,200,39.325,18,3,"DOC",23666.66667,5.67,8.85,13.1,NA,0.18,0.071,0.168,2.1868,NA,0.097777778,NA,NA,NA,NA,930691.66679775
"103","M15_T3_1.2_2","CARP","*",0,0,22611,22611,7000,17,2,0,"M15","T3",1.2,200,0,18,3,"DOC",23666.66667,5.67,8.85,13.1,NA,0.18,0.071,0.168,2.1868,NA,0.097777778,NA,NA,NA,NA,0
"104","M15_T3_1.2_2","STHD","*",0,0,22611,22611,4500,17,2,0,"M15","T3",1.2,200,0,18,3,"DOC",23666.66667,5.67,8.85,13.1,NA,0.18,0.071,0.168,2.1868,NA,0.097777778,NA,NA,NA,NA,0
"105","M15_T3_1.2_5","CARP","*",39,46,27328,27374,7000,17,5,9.91,"M15","T3",1.2,200,12.3875,18,3,"DOC",23666.66667,5.67,8.85,13.1,NA,0.18,0.071,0.168,2.1868,NA,0.097777778,NA,NA,NA,NA,293170.833374625
"106","M15_T3_1.2_5","STHD","*",155,179,27195,27374,4500,17,5,38.68,"M15","T3",1.2,200,48.35,18,3,"DOC",23666.66667,5.67,8.85,13.1,NA,0.18,0.071,0.168,2.1868,NA,0.097777778,NA,NA,NA,NA,1144283.3334945
"107","M15_T4_1.2","CARP","*",14.8,41,51357,51398,7000,14,1,0.94,"M15","T4",1.2,156,1.50641025641026,30,3,"DOC",22666.66667,6.91,8.86,14.7,81.5,0.18,0.068,0.168,2.05632,NA,0.097777778,NA,26.29,295.3,388.1,34145.2991503205
"108","M15_T4_1.2","STHD","*",76,221,51177,51398,4500,14,1,5.08,"M15","T4",1.2,156,8.14102564102564,30,3,"DOC",22666.66667,6.91,8.86,14.7,81.5,0.18,0.068,0.168,2.05632,NA,0.097777778,NA,26.29,295.3,388.1,184529.914557051
"109","M16_T1A_0.4","CARP","*",209.333333333333,288,32200,32488,7000,8,1,10.5,"M16","T1A",0.4,200,13.125,0.666666667,3,"BFH",24800,0.37,8.44,15.2,9,0.12,0.08,0.168,1.6128,-0.009642857,-0.030215827,NA,6.868,302.7,26.4,325500
"110","M16_T1A_0.4","STHD","*",1693.33333333333,2257,30231,32488,4500,8,1,84.9,"M16","T1A",0.4,200,106.125,0.666666667,3,"BFH",24800,0.37,8.44,15.2,9,0.12,0.08,0.168,1.6128,-0.009642857,-0.030215827,NA,6.868,302.7,26.4,2631900
"111","M16_T1A_1.2","CARP","*",346.666666666667,457,30946,31403,7000,8,1,17.28,"M16","T1A",1.2,200,21.6,0.666666667,3,"BFH",24800,0.37,8.44,15.2,9,0.12,0.08,0.168,1.6128,-0.009642857,-0.030215827,NA,6.868,302.7,26.4,535680
"112","M16_T1A_1.2","STHD","*",1726.66666666667,2222,29181,31403,4500,8,1,86.53,"M16","T1A",1.2,200,108.1625,0.666666667,3,"BFH",24800,0.37,8.44,15.2,9,0.12,0.08,0.168,1.6128,-0.009642857,-0.030215827,NA,6.868,302.7,26.4,2682430
"113","M16_T2_0.4","CARP","*",47.3333333333333,76,38045,38121,7000,10,1,2.35,"M16","T2",0.4,200,2.9375,6,3,"BFH",24333.33333,0.27,8.79,14,NA,0.1,0.078,0.168,1.3104,-0.009642857,-0.030215827,NA,NA,NA,NA,71479.166656875
"114","M16_T2_0.4","STHD","*",428.666666666667,689,37432,38121,4500,10,1,21.5,"M16","T2",0.4,200,26.875,6,3,"BFH",24333.33333,0.27,8.79,14,NA,0.1,0.078,0.168,1.3104,-0.009642857,-0.030215827,NA,NA,NA,NA,653958.33324375
"115","M16_T2_1.2","CARP","*",61.3333333333333,103,39558,39661,7000,10,1,3.06,"M16","T2",1.2,200,3.825,6,3,"BFH",24333.33333,0.27,8.79,14,NA,0.1,0.078,0.168,1.3104,-0.009642857,-0.030215827,NA,NA,NA,NA,93074.99998725
"116","M16_T2_1.2","STHD","*",372,622,39039,39661,4500,10,1,18.64,"M16","T2",1.2,200,23.3,6,3,"BFH",24333.33333,0.27,8.79,14,NA,0.1,0.078,0.168,1.3104,-0.009642857,-0.030215827,NA,NA,NA,NA,566966.666589
"117","M16_T3_0.4","CARP","*",4.2,7,39599,39606,7000,10,1,0.2,"M16","T3",0.4,200,0.25,18,3,"BFH",23666.66667,0.48,8.9,13.1,NA,0.08,0.076,0.168,1.02144,-0.009642857,-0.030215827,NA,NA,NA,NA,5916.6666675
"118","M16_T3_0.4","STHD","*",15.8,26,39580,39606,4500,10,1,0.77,"M16","T3",0.4,200,0.9625,18,3,"BFH",23666.66667,0.48,8.9,13.1,NA,0.08,0.076,0.168,1.02144,-0.009642857,-0.030215827,NA,NA,NA,NA,22779.166669875
"119","M16_T3_1.2","CARP","*",14.5333333333333,25,40755,40780,7000,10,1,0.72,"M16","T3",1.2,200,0.9,18,3,"BFH",23666.66667,0.48,8.9,13.1,NA,0.08,0.076,0.168,1.02144,-0.009642857,-0.030215827,NA,NA,NA,NA,21300.000003
"120","M16_T3_1.2","STHD","*",134,232,40548,40780,4500,10,1,6.72,"M16","T3",1.2,200,8.4,18,3,"BFH",23666.66667,0.48,8.9,13.1,NA,0.08,0.076,0.168,1.02144,-0.009642857,-0.030215827,NA,NA,NA,NA,198800.000028
"121","M16_T4_0.4","CARP","*",1.13333333333333,2,40528,40530,7000,10,1,0.05,"M16","T4",0.4,200,0.0625,30,3,"BFH",22666.66667,0.34,8.91,14.8,15.5,0.06,0.073,0.168,0.73584,-0.009642857,-0.030215827,NA,1.853,47.81,16.46,1416.666666875
"122","M16_T4_0.4","STHD","*",3.46666666666667,6,40524,40530,4500,10,1,0.17,"M16","T4",0.4,200,0.2125,30,3,"BFH",22666.66667,0.34,8.91,14.8,15.5,0.06,0.073,0.168,0.73584,-0.009642857,-0.030215827,NA,1.853,47.81,16.46,4816.666667375
"123","M16_T4_1.2","CARP","*",4.53333333333333,9,45324,45333,7000,10,1,0.23,"M16","T4",1.2,200,0.2875,30,3,"BFH",22666.66667,0.34,8.91,14.8,15.5,0.06,0.073,0.168,0.73584,-0.009642857,-0.030215827,NA,1.853,47.81,16.46,6516.666667625
"124","M16_T4_1.2","STHD","*",66,126,45207,45333,4500,10,1,3.28,"M16","T4",1.2,200,4.1,30,3,"BFH",22666.66667,0.34,8.91,14.8,15.5,0.06,0.073,0.168,0.73584,-0.009642857,-0.030215827,NA,1.853,47.81,16.46,92933.333347
"125","M17_T1A_0.4","CARP","*",77.6666666666667,216,67310,67526,7000,8,1,3.77,"M17","T1A",0.4,200,4.7125,0.666666667,3,"ETO",24800,0.81,8.5,14.2,7.9,0.17,0.077,0.168,2.19912,NA,-0.034782609,NA,26.47,341.6,13.26,116870
"126","M17_T1A_0.4","STHD","*",705.666666666667,1975,65551,67526,4500,8,1,35,"M17","T1A",0.4,200,43.75,0.666666667,3,"ETO",24800,0.81,8.5,14.2,7.9,0.17,0.077,0.168,2.19912,NA,-0.034782609,NA,26.47,341.6,13.26,1085000
"127","M17_T1A_1.2","CARP","*",487.666666666667,1494,71699,73193,7000,8,1,24.31,"M17","T1A",1.2,200,30.3875,0.666666667,3,"ETO",24800,0.81,8.5,14.2,7.9,0.17,0.077,0.168,2.19912,NA,-0.034782609,NA,26.47,341.6,13.26,753610
"128","M17_T1A_1.2","STHD","*",2243.33333333333,6598,66595,73193,4500,8,1,111.4,"M17","T1A",1.2,200,139.25,0.666666667,3,"ETO",24800,0.81,8.5,14.2,7.9,0.17,0.077,0.168,2.19912,NA,-0.034782609,NA,26.47,341.6,13.26,3453400
"129","M17_T2_0.4","CARP","*",60.6666666666667,83,32170,32253,7000,10,1,3.03,"M17","T2",0.4,200,3.7875,6,3,"ETO",24333.33333,0.25,8.58,13.9,NA,0.17,0.075,0.168,2.142,NA,-0.034782609,NA,NA,NA,NA,92162.499987375
"130","M17_T2_0.4","STHD","*",514.666666666667,698,31555,32253,4500,10,1,25.8,"M17","T2",0.4,200,32.25,6,3,"ETO",24333.33333,0.25,8.58,13.9,NA,0.17,0.075,0.168,2.142,NA,-0.034782609,NA,NA,NA,NA,784749.9998925
"131","M17_T2_1.2","CARP","*",100,147,34385,34532,7000,10,1,5.03,"M17","T2",1.2,200,6.2875,6,3,"ETO",24333.33333,0.25,8.58,13.9,NA,0.17,0.075,0.168,2.142,NA,-0.034782609,NA,NA,NA,NA,152995.833312375
"132","M17_T2_1.2","STHD","*",684.666666666667,988,33544,34532,4500,10,1,34.23,"M17","T2",1.2,200,42.7875,6,3,"ETO",24333.33333,0.25,8.58,13.9,NA,0.17,0.075,0.168,2.142,NA,-0.034782609,NA,NA,NA,NA,1041162.49985738
"133","M17_T3_0.4","CARP","*",26.6666666666667,47,40795,40842,7000,10,1,1.35,"M17","T3",0.4,200,1.6875,18,3,"ETO",23666.66667,0.49,8.64,13.2,NA,0.17,0.073,0.168,2.08488,NA,-0.034782609,NA,NA,NA,NA,39937.500005625
"134","M17_T3_0.4","STHD","*",104,180,40662,40842,4500,10,1,5.2,"M17","T3",0.4,200,6.5,18,3,"ETO",23666.66667,0.49,8.64,13.2,NA,0.17,0.073,0.168,2.08488,NA,-0.034782609,NA,NA,NA,NA,153833.333355
"135","M17_T3_1.2","CARP","*",33.3333333333333,52,36571,36623,7000,10,1,1.67,"M17","T3",1.2,200,2.0875,18,3,"ETO",23666.66667,0.49,8.64,13.2,NA,0.17,0.073,0.168,2.08488,NA,-0.034782609,NA,NA,NA,NA,49404.166673625
"136","M17_T3_1.2","STHD","*",318,493,36130,36623,4500,10,1,15.98,"M17","T3",1.2,200,19.975,18,3,"ETO",23666.66667,0.49,8.64,13.2,NA,0.17,0.073,0.168,2.08488,NA,-0.034782609,NA,NA,NA,NA,472741.66673325
"137","M17_T4_0.4","CARP","*",6.8,11,38609,38620,7000,11,1,0.33,"M17","T4",0.4,200,0.4125,30,3,"ETO",22666.66667,0.26,8.68,14.8,9.8,0.17,0.07,0.168,1.9992,NA,-0.034782609,NA,13.34,365.2,13.44,9350.000001375
"138","M17_T4_0.4","STHD","*",26,43,38577,38620,4500,11,1,1.31,"M17","T4",0.4,200,1.6375,30,3,"ETO",22666.66667,0.26,8.68,14.8,9.8,0.17,0.07,0.168,1.9992,NA,-0.034782609,NA,13.34,365.2,13.44,37116.666672125
"139","M17_T4_1.2","CARP","*",8.2,13,37185,37198,7000,11,1,0.41,"M17","T4",1.2,200,0.5125,30,3,"ETO",22666.66667,0.26,8.68,14.8,9.8,0.17,0.07,0.168,1.9992,NA,-0.034782609,NA,13.34,365.2,13.44,11616.666668375
"140","M17_T4_1.2","STHD","*",168.666666666667,264,36934,37198,4500,11,1,8.39,"M17","T4",1.2,200,10.4875,30,3,"ETO",22666.66667,0.26,8.68,14.8,9.8,0.17,0.07,0.168,1.9992,NA,-0.034782609,NA,13.34,365.2,13.44,237716.666701625
"141","M18_T1A_0.4","CARP","*",112.888888888889,471,95246,95717,7000,8,1,5.81,"M18","T1A",0.4,200,7.2625,0.666666667,3,"NCL",24800,0.35,8.53,14,12.1,0.15,0.079,0.168,1.9908,-0.015766423,-0.069565217,NA,24.73,343.6,17.22,180110
"142","M18_T1A_0.4","STHD","*",870,3626,92091,95717,4500,8,1,45.54,"M18","T1A",0.4,200,56.925,0.666666667,3,"NCL",24800,0.35,8.53,14,12.1,0.15,0.079,0.168,1.9908,-0.015766423,-0.069565217,NA,24.73,343.6,17.22,1411740
"143","M18_T2_0.4","CARP","*",42.6666666666667,66,36007,36073,7000,10,1,2.15,"M18","T2",0.4,200,2.6875,6,3,"NCL",24333.33333,1.64,8.85,14,NA,0.16,0.077,0.168,2.06976,-0.015766423,-0.069565217,NA,NA,NA,NA,65395.833324375
"144","M18_T2_0.4","STHD","*",407.333333333333,618,35455,36073,4500,10,1,20.37,"M18","T2",0.4,200,25.4625,6,3,"NCL",24333.33333,1.64,8.85,14,NA,0.16,0.077,0.168,2.06976,-0.015766423,-0.069565217,NA,NA,NA,NA,619587.499915125
"145","M18_T2_1.2","CARP","*",172.666666666667,274,37519,37793,7000,10,1,8.58,"M18","T2",1.2,200,10.725,6,3,"NCL",24333.33333,1.64,8.85,14,NA,0.16,0.077,0.168,2.06976,-0.015766423,-0.069565217,NA,NA,NA,NA,260974.99996425
"146","M18_T2_1.2","STHD","*",958,1501,36292,37793,4500,10,1,47.79,"M18","T2",1.2,200,59.7375,6,3,"NCL",24333.33333,1.64,8.85,14,NA,0.16,0.077,0.168,2.06976,-0.015766423,-0.069565217,NA,NA,NA,NA,1453612.49980088
"147","M18_T3_0.4","CARP","*",26.5333333333333,44,38798,38842,7000,10,1,1.33,"M18","T3",0.4,200,1.6625,18,3,"NCL",23666.66667,1.18,8.93,13.1,NA,0.17,0.075,0.168,2.142,-0.015766423,-0.069565217,NA,NA,NA,NA,39345.833338875
"148","M18_T3_0.4","STHD","*",223.333333333333,367,38475,38842,4500,10,1,11.19,"M18","T3",0.4,200,13.9875,18,3,"NCL",23666.66667,1.18,8.93,13.1,NA,0.17,0.075,0.168,2.142,-0.015766423,-0.069565217,NA,NA,NA,NA,331037.500046625
"149","M18_T3_1.2","CARP","*",19,33,41526,41559,7000,10,1,0.93,"M18","T3",1.2,200,1.1625,18,3,"NCL",23666.66667,1.18,8.93,13.1,NA,0.17,0.075,0.168,2.142,-0.015766423,-0.069565217,NA,NA,NA,NA,27512.500003875
"150","M18_T3_1.2","STHD","*",176.666666666667,306,41253,41559,4500,10,1,8.71,"M18","T3",1.2,200,10.8875,18,3,"NCL",23666.66667,1.18,8.93,13.1,NA,0.17,0.075,0.168,2.142,-0.015766423,-0.069565217,NA,NA,NA,NA,257670.833369625
"151","M18_T4_0.4","CARP","*",6.46666666666667,11,41913,41924,7000,11,1,0.3,"M18","T4",0.4,200,0.375,30,3,"NCL",22333.33333,0.67,8.94,14.8,15.3,0.18,0.071,0.168,2.14704,-0.015766423,-0.069565217,NA,4.492,333.3,14.62,8374.99999875
"152","M18_T4_0.4","STHD","*",52,92,41832,41924,4500,11,1,2.59,"M18","T4",0.4,200,3.2375,30,3,"NCL",22333.33333,0.67,8.94,14.8,15.3,0.18,0.071,0.168,2.14704,-0.015766423,-0.069565217,NA,4.492,333.3,14.62,72304.166655875
"153","M18_T4_1.2","CARP","*",19.3333333333333,32,38187,38219,7000,11,1,0.98,"M18","T4",1.2,200,1.225,30,3,"NCL",22333.33333,0.67,8.94,14.8,15.3,0.18,0.071,0.168,2.14704,-0.015766423,-0.069565217,NA,4.492,333.3,14.62,27358.33332925
"154","M18_T4_1.2","STHD","*",121.333333333333,191,38028,38219,4500,11,1,5.9,"M18","T4",1.2,200,7.375,30,3,"NCL",22333.33333,0.67,8.94,14.8,15.3,0.18,0.071,0.168,2.14704,-0.015766423,-0.069565217,NA,4.492,333.3,14.62,164708.33330875
"155","M19_T1A_0.4","CARP","*",39.3333333333333,70,42122,42192,7000,11,1,1.95,"M19","T1A",0.4,200,2.4375,0.666666667,4,"ETO",24800,0.47,8.5,14.9,6.5,0.18,0.079,0.168,2.38896,NA,-0.026086957,NA,28.78,347.9,12.51,60450
"156","M19_T1A_0.4","STHD","*",252,445,41747,42192,4500,11,1,12.5,"M19","T1A",0.4,200,15.625,0.666666667,4,"ETO",24800,0.47,8.5,14.9,6.5,0.18,0.079,0.168,2.38896,NA,-0.026086957,NA,28.78,347.9,12.51,387500
"157","M19_T1A_1.2","CARP","*",210.666666666667,341,38341,38682,7000,11,1,10.44,"M19","T1A",1.2,200,13.05,0.666666667,4,"ETO",24800,0.47,8.5,14.9,6.5,0.18,0.079,0.168,2.38896,NA,-0.026086957,NA,28.78,347.9,12.51,323640
"158","M19_T1A_1.2","STHD","*",825.333333333333,1331,37351,38682,4500,11,1,41.29,"M19","T1A",1.2,200,51.6125,0.666666667,4,"ETO",24800,0.47,8.5,14.9,6.5,0.18,0.079,0.168,2.38896,NA,-0.026086957,NA,28.78,347.9,12.51,1279990
"159","M19_T2_0.4","CARP","*",104.666666666667,157,35277,35434,7000,11,1,5.23,"M19","T2",0.4,200,6.5375,6,4,"ETO",24333.33333,0.36,8.57,14.1,NA,0.18,0.077,0.168,2.28536,NA,-0.026086957,NA,NA,NA,NA,159079.166644875
"160","M19_T2_0.4","STHD","*",495.333333333333,737,34697,35434,4500,11,1,24.78,"M19","T2",0.4,200,30.975,6,4,"ETO",24333.33333,0.36,8.57,14.1,NA,0.18,0.077,0.168,2.28536,NA,-0.026086957,NA,NA,NA,NA,753724.99989675
"161","M19_T2_1.2","CARP","*",110.666666666667,183,39041,39224,7000,11,1,5.51,"M19","T2",1.2,200,6.8875,6,4,"ETO",24333.33333,0.36,8.57,14.1,NA,0.18,0.077,0.168,2.28536,NA,-0.026086957,NA,NA,NA,NA,167595.833310375
"162","M19_T2_1.2","STHD","*",634.666666666667,1045,38179,39224,4500,11,1,31.84,"M19","T2",1.2,200,39.8,6,4,"ETO",24333.33333,0.36,8.57,14.1,NA,0.18,0.077,0.168,2.28536,NA,-0.026086957,NA,NA,NA,NA,968466.666534
"163","M19_T3_0.4","CARP","*",15.8666666666667,29,41366,41395,7000,11,1,0.82,"M19","T3",0.4,200,1.025,18,4,"ETO",23333.33333,0.25,8.65,12.4,NA,0.17,0.074,0.168,2.15488,NA,-0.026086957,NA,NA,NA,NA,23916.66666325
"164","M19_T3_0.4","STHD","*",65.3333333333333,118,41277,41395,4500,11,1,3.36,"M19","T3",0.4,200,4.2,18,4,"ETO",23333.33333,0.25,8.65,12.4,NA,0.17,0.074,0.168,2.15488,NA,-0.026086957,NA,NA,NA,NA,97999.999986
"165","M19_T3_1.2","CARP","*",26,46,41954,42000,7000,11,1,1.29,"M19","T3",1.2,200,1.6125,18,4,"ETO",23333.33333,0.25,8.65,12.4,NA,0.17,0.074,0.168,2.15488,NA,-0.026086957,NA,NA,NA,NA,37624.999994625
"166","M19_T3_1.2","STHD","*",263.333333333333,467,41533,42000,4500,11,1,13.18,"M19","T3",1.2,200,16.475,18,4,"ETO",23333.33333,0.25,8.65,12.4,NA,0.17,0.074,0.168,2.15488,NA,-0.026086957,NA,NA,NA,NA,384416.66661175
"167","M19_T4_0.4","CARP","*",12.5333333333333,21,39925,39946,7000,12,1,0.62,"M19","T4",0.4,200,0.775,30,4,"ETO",22333.33333,0.39,8.67,14.4,9.5,0.17,0.071,0.168,2.02776,NA,-0.026086957,NA,13.95,392,13.51,17308.33333075
"168","M19_T4_0.4","STHD","*",22,36,39910,39946,4500,12,1,1.06,"M19","T4",0.4,200,1.325,30,4,"ETO",22333.33333,0.39,8.67,14.4,9.5,0.17,0.071,0.168,2.02776,NA,-0.026086957,NA,13.95,392,13.51,29591.66666225
"169","M19_T4_1.2","CARP","*",12.1333333333333,18,35257,35275,7000,12,1,0.6,"M19","T4",1.2,200,0.75,30,4,"ETO",22333.33333,0.39,8.67,14.4,9.5,0.17,0.071,0.168,2.02776,NA,-0.026086957,NA,13.95,392,13.51,16749.9999975
"170","M19_T4_1.2","STHD","*",156.666666666667,233,35042,35275,4500,12,1,7.81,"M19","T4",1.2,200,9.7625,30,4,"ETO",22333.33333,0.39,8.67,14.4,9.5,0.17,0.071,0.168,2.02776,NA,-0.026086957,NA,13.95,392,13.51,218029.166634125
"171","M1_T1A_0.4","CARP","*",114.666666666667,183,37555,37738,7000,1,1,5.73,"M1","T1A",0.4,200,7.1625,0.666666667,1,"BFL",24800,3.43,8.61,14.5,10,0.16,0.082,0.168,2.20416,-0.003933775,0.036,NA,10.33,313.9,12.91,177630
"172","M1_T1A_0.4","STHD","*",862,1357,36381,37738,4500,1,1,43.18,"M1","T1A",0.4,200,53.975,0.666666667,1,"BFL",24800,3.43,8.61,14.5,10,0.16,0.082,0.168,2.20416,-0.003933775,0.036,NA,10.33,313.9,12.91,1338580
"173","M1_T1A_1.2","CARP","*",350.666666666667,573,38266,38839,7000,1,1,17.52,"M1","T1A",1.2,200,21.9,0.666666667,1,"BFL",24800,3.43,8.61,14.5,10,0.16,0.082,0.168,2.20416,-0.003933775,0.036,NA,10.33,313.9,12.91,543120
"174","M1_T1A_1.2","STHD","*",1330,2129,36710,38839,4500,1,1,66.48,"M1","T1A",1.2,200,83.1,0.666666667,1,"BFL",24800,3.43,8.61,14.5,10,0.16,0.082,0.168,2.20416,-0.003933775,0.036,NA,10.33,313.9,12.91,2060880
"175","M1_T2_0.4","CARP","*",45.3333333333333,66,33794,33860,7000,2,1,2.3,"M1","T2",0.4,200,2.875,6,1,"BFL",24333.33333,0.46,8.78,14.7,NA,0.15,0.08,0.168,2.016,-0.003933775,0.036,NA,NA,NA,NA,69958.33332375
"176","M1_T2_0.4","STHD","*",380,546,33314,33860,4500,2,1,19.17,"M1","T2",0.4,200,23.9625,6,1,"BFL",24333.33333,0.46,8.78,14.7,NA,0.15,0.08,0.168,2.016,-0.003933775,0.036,NA,NA,NA,NA,583087.499920125
"177","M1_T2_1.2","CARP","*",104.222222222222,515,115701,116216,7000,2,1,5.23,"M1","T2",1.2,200,6.5375,6,1,"BFL",24333.33333,0.46,8.78,14.7,NA,0.15,0.08,0.168,2.016,-0.003933775,0.036,NA,NA,NA,NA,159079.166644875
"178","M1_T2_1.2","STHD","*",525.111111111111,2591,113625,116216,4500,2,1,26.58,"M1","T2",1.2,200,33.225,6,1,"BFL",24333.33333,0.46,8.78,14.7,NA,0.15,0.08,0.168,2.016,-0.003933775,0.036,NA,NA,NA,NA,808474.99988925
"179","M1_T3_0.4","CARP","*",10.04,24,53711,53735,7000,3,1,0.52,"M1","T3",0.4,200,0.65,18,1,"BFL",23666.66667,0.64,8.66,14.4,NA,0.14,0.078,0.168,1.83456,-0.003933775,0.036,NA,NA,NA,NA,15383.3333355
"180","M1_T3_0.4","STHD","*",30.8,69,53666,53735,4500,3,1,1.51,"M1","T3",0.4,200,1.8875,18,1,"BFL",23666.66667,0.64,8.66,14.4,NA,0.14,0.078,0.168,1.83456,-0.003933775,0.036,NA,NA,NA,NA,44670.833339625
"181","M1_T3_1.2","CARP","*",20.25,81,85962,86043,7000,3,1,1.11,"M1","T3",1.2,200,1.3875,18,1,"BFL",23666.66667,0.64,8.66,14.4,NA,0.14,0.078,0.168,1.83456,-0.003933775,0.036,NA,NA,NA,NA,32837.500004625
"182","M1_T3_1.2","STHD","*",191,718,85325,86043,4500,3,1,9.88,"M1","T3",1.2,200,12.35,18,1,"BFL",23666.66667,0.64,8.66,14.4,NA,0.14,0.078,0.168,1.83456,-0.003933775,0.036,NA,NA,NA,NA,292283.3333745
"183","M1_T4_0.4","CARP","*",1.46666666666667,2,33267,33269,6500,5,1,0.07,"M1","T4",0.4,200,0.0875,30,1,"BFL",22333.33333,1.2,8.66,14.2,13.7,0.13,0.074,0.168,1.61616,-0.003933775,0.036,NA,0.3977,201.9,15.48,1954.166666375
"184","M1_T4_0.4","STHD","*",2,3,33266,33269,3500,5,1,0.1,"M1","T4",0.4,200,0.125,30,1,"BFL",22333.33333,1.2,8.66,14.2,13.7,0.13,0.074,0.168,1.61616,-0.003933775,0.036,NA,0.3977,201.9,15.48,2791.66666625
"185","M1_T4_1.2","CARP","*",4.33333333333333,7,36069,36076,6500,5,1,0.22,"M1","T4",1.2,200,0.275,30,1,"BFL",22333.33333,1.2,8.66,14.2,13.7,0.13,0.074,0.168,1.61616,-0.003933775,0.036,NA,0.3977,201.9,15.48,6141.66666575
"186","M1_T4_1.2","STHD","*",58,88,35988,36076,3500,5,1,2.88,"M1","T4",1.2,200,3.6,30,1,"BFL",22333.33333,1.2,8.66,14.2,13.7,0.13,0.074,0.168,1.61616,-0.003933775,0.036,NA,0.3977,201.9,15.48,80399.999988
"187","M20_T1A_0.4","CARP","*",120.888888888889,470,92372,92842,7000,11,1,5.98,"M20","T1A",0.4,200,7.475,0.666666667,4,"BFH",24800,0.42,8.56,15.1,8,0.14,0.077,0.168,1.81104,-0.002759124,0.060869565,NA,3.723,312,13.58,185380
"188","M20_T1A_0.4","STHD","*",841.333333333333,3307,89535,92842,4500,11,1,42.77,"M20","T1A",0.4,200,53.4625,0.666666667,4,"BFH",24800,0.42,8.56,15.1,8,0.14,0.077,0.168,1.81104,-0.002759124,0.060869565,NA,3.723,312,13.58,1325870
"189","M20_T1A_1.2","CARP","*",274,427,36524,36951,7000,11,1,13.7,"M20","T1A",1.2,200,17.125,0.666666667,4,"BFH",24800,0.42,8.56,15.1,8,0.14,0.077,0.168,1.81104,-0.002759124,0.060869565,NA,3.723,312,13.58,424700
"190","M20_T1A_1.2","STHD","*",942.666666666667,1448,35503,36951,4500,11,1,47.14,"M20","T1A",1.2,200,58.925,0.666666667,4,"BFH",24800,0.42,8.56,15.1,8,0.14,0.077,0.168,1.81104,-0.002759124,0.060869565,NA,3.723,312,13.58,1461340
"191","M20_T2_0.4","CARP","*",40.6666666666667,67,38667,38734,7000,11,1,2.04,"M20","T2",0.4,200,2.55,6,4,"BFH",22666.66667,0.28,8.89,14.3,NA,0.14,0.07,0.168,1.6072,-0.002759124,0.060869565,NA,NA,NA,NA,57800.0000085
"192","M20_T2_0.4","STHD","*",265.333333333333,434,38300,38734,4500,11,1,13.28,"M20","T2",0.4,200,16.6,6,4,"BFH",22666.66667,0.28,8.89,14.3,NA,0.14,0.07,0.168,1.6072,-0.002759124,0.060869565,NA,NA,NA,NA,376266.666722
"193","M20_T2_1.2","CARP","*",67.3333333333333,109,36227,36336,7000,11,1,3.54,"M20","T2",1.2,200,4.425,6,4,"BFH",22666.66667,0.28,8.89,14.3,NA,0.14,0.07,0.168,1.6072,-0.002759124,0.060869565,NA,NA,NA,NA,100300.00001475
"194","M20_T2_1.2","STHD","*",366.666666666667,560,35776,36336,4500,11,1,18.31,"M20","T2",1.2,200,22.8875,6,4,"BFH",22666.66667,0.28,8.89,14.3,NA,0.14,0.07,0.168,1.6072,-0.002759124,0.060869565,NA,NA,NA,NA,518783.333409625
"195","M20_T3_0.4","CARP","*",2.46666666666667,9,91737,91746,7000,12,1,0.11,"M20","T3",0.4,200,0.1375,18,4,"BFH",24000,0.25,8.93,12.5,NA,0.13,0.074,0.168,1.6576,-0.002759124,0.060869565,NA,NA,NA,NA,3300
"196","M20_T3_0.4","STHD","*",7.26666666666667,29,91717,91746,4500,12,1,0.37,"M20","T3",0.4,200,0.4625,18,4,"BFH",24000,0.25,8.93,12.5,NA,0.13,0.074,0.168,1.6576,-0.002759124,0.060869565,NA,NA,NA,NA,11100
"197","M20_T3_1.2","CARP","*",10.9333333333333,15,32564,32579,7000,12,1,0.54,"M20","T3",1.2,200,0.675,18,4,"BFH",24000,0.25,8.93,12.5,NA,0.13,0.074,0.168,1.6576,-0.002759124,0.060869565,NA,NA,NA,NA,16200
"198","M20_T3_1.2","STHD","*",135.333333333333,187,32392,32579,4500,12,1,6.78,"M20","T3",1.2,200,8.475,18,4,"BFH",24000,0.25,8.93,12.5,NA,0.13,0.074,0.168,1.6576,-0.002759124,0.060869565,NA,NA,NA,NA,203400
"199","M20_T4_0.4","CARP","*",1.73333333333333,3,40856,40859,7000,12,1,0.08,"M20","T4",0.4,200,0.1,30,4,"BFH",22666.66667,0.27,8.92,14.6,14.6,0.13,0.07,0.168,1.5288,-0.002759124,0.060869565,NA,1.265,33.83,14.28,2266.666667
"200","M20_T4_0.4","STHD","*",1.13333333333333,2,40857,40859,4500,12,1,0.05,"M20","T4",0.4,200,0.0625,30,4,"BFH",22666.66667,0.27,8.92,14.6,14.6,0.13,0.07,0.168,1.5288,-0.002759124,0.060869565,NA,1.265,33.83,14.28,1416.666666875
"201","M20_T4_1.2","CARP","*",5.53333333333333,10,42992,43002,7000,12,1,0.27,"M20","T4",1.2,200,0.3375,30,4,"BFH",22666.66667,0.27,8.92,14.6,14.6,0.13,0.07,0.168,1.5288,-0.002759124,0.060869565,NA,1.265,33.83,14.28,7650.000001125
"202","M20_T4_1.2","STHD","*",108.666666666667,198,42804,43002,4500,12,1,5.44,"M20","T4",1.2,200,6.8,30,4,"BFH",22666.66667,0.27,8.92,14.6,14.6,0.13,0.07,0.168,1.5288,-0.002759124,0.060869565,NA,1.265,33.83,14.28,154133.333356
"203","M21_T1A_0.4","CARP","*",45.3333333333333,69,35346,35415,7000,11,1,2.29,"M21","T1A",0.4,200,2.8625,0.666666667,4,"NCL",24800,1.45,8.51,15.1,7.6,0.14,0.078,0.168,1.83456,-0.022632353,-0.008695652,NA,21.68,341.1,17.24,70990
"204","M21_T1A_0.4","STHD","*",454.666666666667,682,34733,35415,4500,11,1,22.93,"M21","T1A",0.4,200,28.6625,0.666666667,4,"NCL",24800,1.45,8.51,15.1,7.6,0.14,0.078,0.168,1.83456,-0.022632353,-0.008695652,NA,21.68,341.1,17.24,710830
"205","M21_T1A_1.2","CARP","*",484.666666666667,760,36331,37091,7000,11,1,24.41,"M21","T1A",1.2,200,30.5125,0.666666667,4,"NCL",24800,1.45,8.51,15.1,7.6,0.14,0.078,0.168,1.83456,-0.022632353,-0.008695652,NA,21.68,341.1,17.24,756710
"206","M21_T1A_1.2","STHD","*",2440,3652,33439,37091,4500,11,1,122.23,"M21","T1A",1.2,200,152.7875,0.666666667,4,"NCL",24800,1.45,8.51,15.1,7.6,0.14,0.078,0.168,1.83456,-0.022632353,-0.008695652,NA,21.68,341.1,17.24,3789130
"207","M21_T2_0.4","CARP","*",71.3333333333333,123,40235,40358,7000,11,1,3.59,"M21","T2",0.4,200,4.4875,6,4,"NCL",24666.66667,0.93,8.86,14.4,NA,0.14,0.077,0.168,1.81104,-0.022632353,-0.008695652,NA,NA,NA,NA,110691.666681625
"208","M21_T2_0.4","STHD","*",716,1216,39142,40358,4500,11,1,36.07,"M21","T2",0.4,200,45.0875,6,4,"NCL",24666.66667,0.93,8.86,14.4,NA,0.14,0.077,0.168,1.81104,-0.022632353,-0.008695652,NA,NA,NA,NA,1112158.33348362
"209","M21_T2_1.2","CARP","*",211.333333333333,344,36720,37064,7000,11,1,10.99,"M21","T2",1.2,200,13.7375,6,4,"NCL",24666.66667,0.93,8.86,14.4,NA,0.14,0.077,0.168,1.81104,-0.022632353,-0.008695652,NA,NA,NA,NA,338858.333379125
"210","M21_T2_1.2","STHD","*",1247.33333333333,1936,35128,37064,4500,11,1,63.26,"M21","T2",1.2,200,79.075,6,4,"NCL",24666.66667,0.93,8.86,14.4,NA,0.14,0.077,0.168,1.81104,-0.022632353,-0.008695652,NA,NA,NA,NA,1950516.66693025
"211","M21_T3_0.4","CARP","*",14.2666666666667,24,39481,39505,7000,12,1,0.71,"M21","T3",0.4,200,0.8875,18,4,"NCL",23666.66667,0.53,8.93,12.7,NA,0.14,0.074,0.168,1.74048,-0.022632353,-0.008695652,NA,NA,NA,NA,21004.166669625
"212","M21_T3_0.4","STHD","*",133.333333333333,223,39282,39505,4500,12,1,6.67,"M21","T3",0.4,200,8.3375,18,4,"NCL",23666.66667,0.53,8.93,12.7,NA,0.14,0.074,0.168,1.74048,-0.022632353,-0.008695652,NA,NA,NA,NA,197320.833361125
"213","M21_T3_1.2","CARP","*",41.3333333333333,58,32840,32898,7000,12,1,2.08,"M21","T3",1.2,200,2.6,18,4,"NCL",23666.66667,0.53,8.93,12.7,NA,0.14,0.074,0.168,1.74048,-0.022632353,-0.008695652,NA,NA,NA,NA,61533.333342
"214","M21_T3_1.2","STHD","*",232.666666666667,321,32577,32898,4500,12,1,11.56,"M21","T3",1.2,200,14.45,18,4,"NCL",23666.66667,0.53,8.93,12.7,NA,0.14,0.074,0.168,1.74048,-0.022632353,-0.008695652,NA,NA,NA,NA,341983.3333815
"215","M21_T4_0.4","CARP","*",6.53333333333333,11,40893,40904,7000,12,1,0.31,"M21","T4",0.4,200,0.3875,30,4,"NCL",22666.66667,0.68,8.92,14.7,20.6,0.14,0.071,0.168,1.66992,-0.022632353,-0.008695652,NA,4.06,267.2,14.22,8783.333334625
"216","M21_T4_0.4","STHD","*",26,47,40857,40904,4500,12,1,1.35,"M21","T4",0.4,200,1.6875,30,4,"NCL",22666.66667,0.68,8.92,14.7,20.6,0.14,0.071,0.168,1.66992,-0.022632353,-0.008695652,NA,4.06,267.2,14.22,38250.000005625
"217","M21_T4_1.2","CARP","*",11.3333333333333,20,41437,41457,7000,12,1,0.56,"M21","T4",1.2,200,0.7,30,4,"NCL",22666.66667,0.68,8.92,14.7,20.6,0.14,0.071,0.168,1.66992,-0.022632353,-0.008695652,NA,4.06,267.2,14.22,15866.666669
"218","M21_T4_1.2","STHD","*",119.333333333333,209,41248,41457,4500,12,1,5.96,"M21","T4",1.2,200,7.45,30,4,"NCL",22666.66667,0.68,8.92,14.7,20.6,0.14,0.071,0.168,1.66992,-0.022632353,-0.008695652,NA,4.06,267.2,14.22,168866.6666915
"219","M22_T1A_0.4","CARP","*",165.333333333333,284,40036,40320,7000,11,1,8.33,"M22","T1A",0.4,200,10.4125,0.666666667,4,"BFL",24800,0.35,8.51,15.4,10.9,0.16,0.08,0.168,2.1504,-0.000992647,0.02189781,NA,8.884,286.1,11.04,258230
"220","M22_T1A_0.4","STHD","*",1372.66666666667,2293,38027,40320,4500,11,1,69.04,"M22","T1A",0.4,200,86.3,0.666666667,4,"BFL",24800,0.35,8.51,15.4,10.9,0.16,0.08,0.168,2.1504,-0.000992647,0.02189781,NA,8.884,286.1,11.04,2140240
"221","M22_T1A_1.2","CARP","*",304.666666666667,472,36634,37106,7000,11,1,15.09,"M22","T1A",1.2,200,18.8625,0.666666667,4,"BFL",24800,0.35,8.51,15.4,10.9,0.16,0.08,0.168,2.1504,-0.000992647,0.02189781,NA,8.884,286.1,11.04,467790
"222","M22_T1A_1.2","STHD","*",1315.33333333333,2007,35099,37106,4500,11,1,65.57,"M22","T1A",1.2,200,81.9625,0.666666667,4,"BFL",24800,0.35,8.51,15.4,10.9,0.16,0.08,0.168,2.1504,-0.000992647,0.02189781,NA,8.884,286.1,11.04,2032670
"223","M22_T2_0.4","CARP","*",76.6666666666667,133,40995,41128,7000,11,1,3.81,"M22","T2",0.4,200,4.7625,6,4,"BFL",24666.66667,0.27,8.71,14.6,NA,0.15,0.079,0.168,2.03504,-0.000992647,0.02189781,NA,NA,NA,NA,117475.000015875
"224","M22_T2_0.4","STHD","*",536,929,40199,41128,4500,11,1,26.94,"M22","T2",0.4,200,33.675,6,4,"BFL",24666.66667,0.27,8.71,14.6,NA,0.15,0.079,0.168,2.03504,-0.000992647,0.02189781,NA,NA,NA,NA,830650.00011225
"225","M22_T2_1.2","CARP","*",46,168,76884,77052,7000,11,1,2.57,"M22","T2",1.2,200,3.2125,6,4,"BFL",24666.66667,0.27,8.71,14.6,NA,0.15,0.079,0.168,2.03504,-0.000992647,0.02189781,NA,NA,NA,NA,79241.666677375
"226","M22_T2_1.2","STHD","*",255.777777777778,945,76107,77052,4500,11,1,14.55,"M22","T2",1.2,200,18.1875,6,4,"BFL",24666.66667,0.27,8.71,14.6,NA,0.15,0.079,0.168,2.03504,-0.000992647,0.02189781,NA,NA,NA,NA,448625.000060625
"227","M22_T3_0.4","CARP","*",12.6666666666667,19,33784,33803,7000,12,1,0.66,"M22","T3",0.4,200,0.825,18,4,"BFL",24000,0.03,8.71,12.9,NA,0.15,0.077,0.168,1.89728,-0.000992647,0.02189781,NA,NA,NA,NA,19800
"228","M22_T3_0.4","STHD","*",21.3333333333333,30,33773,33803,4500,12,1,1.04,"M22","T3",0.4,200,1.3,18,4,"BFL",24000,0.03,8.71,12.9,NA,0.15,0.077,0.168,1.89728,-0.000992647,0.02189781,NA,NA,NA,NA,31200
"229","M22_T3_1.2","CARP","*",11.8666666666667,18,36380,36398,7000,12,1,0.58,"M22","T3",1.2,200,0.725,18,4,"BFL",24000,0.03,8.71,12.9,NA,0.15,0.077,0.168,1.89728,-0.000992647,0.02189781,NA,NA,NA,NA,17400
"230","M22_T3_1.2","STHD","*",151.333333333333,235,36163,36398,4500,12,1,7.63,"M22","T3",1.2,200,9.5375,18,4,"BFL",24000,0.03,8.71,12.9,NA,0.15,0.077,0.168,1.89728,-0.000992647,0.02189781,NA,NA,NA,NA,228900
"231","M22_T4_0.4","CARP","*",1.73333333333333,3,41077,41080,7000,12,1,0.08,"M22","T4",0.4,200,0.1,30,4,"BFL",23000,0.76,8.73,14.9,12.5,0.14,0.074,0.168,1.74048,-0.000992647,0.02189781,NA,2.656,132.4,14.08,2300
"232","M22_T4_0.4","STHD","*",8.6,15,41065,41080,4500,12,1,0.43,"M22","T4",0.4,200,0.5375,30,4,"BFL",23000,0.76,8.73,14.9,12.5,0.14,0.074,0.168,1.74048,-0.000992647,0.02189781,NA,2.656,132.4,14.08,12362.5
"233","M22_T4_1.2","CARP","*",9.53333333333333,13,34805,34818,7000,12,1,0.44,"M22","T4",1.2,200,0.55,30,4,"BFL",23000,0.76,8.73,14.9,12.5,0.14,0.074,0.168,1.74048,-0.000992647,0.02189781,NA,2.656,132.4,14.08,12650
"234","M22_T4_1.2","STHD","*",204,300,34518,34818,4500,12,1,10.2,"M22","T4",1.2,200,12.75,30,4,"BFL",23000,0.76,8.73,14.9,12.5,0.14,0.074,0.168,1.74048,-0.000992647,0.02189781,NA,2.656,132.4,14.08,293250
"235","M23_T1A_0.4","CARP","*",187.333333333333,277,34601,34878,7000,11,1,9.4,"M23","T1A",0.4,200,11.75,0.666666667,4,"DOC",24800,2.7,8.6,15.3,64.4,0.2,0.079,0.168,2.6544,NA,-0.063380282,NA,133.1,377.8,412.5,291400
"236","M23_T1A_0.4","STHD","*",1500,2150,32728,34878,4500,11,1,75.02,"M23","T1A",0.4,200,93.775,0.666666667,4,"DOC",24800,2.7,8.6,15.3,64.4,0.2,0.079,0.168,2.6544,NA,-0.063380282,NA,133.1,377.8,412.5,2325620
"237","M23_T1A_1.2","CARP","*",529.333333333333,702,30953,31655,7000,11,1,26.44,"M23","T1A",1.2,200,33.05,0.666666667,4,"DOC",24800,2.7,8.6,15.3,64.4,0.2,0.079,0.168,2.6544,NA,-0.063380282,NA,133.1,377.8,412.5,819640
"238","M23_T1A_1.2","STHD","*",2340,2980,28675,31655,4500,11,1,116.59,"M23","T1A",1.2,200,145.7375,0.666666667,4,"DOC",24800,2.7,8.6,15.3,64.4,0.2,0.079,0.168,2.6544,NA,-0.063380282,NA,133.1,377.8,412.5,3614290
"239","M23_T2_0.4","CARP","*",152.666666666667,262,40370,40632,7000,11,1,7.62,"M23","T2",0.4,200,9.525,6,4,"DOC",24666.66667,2.02,8.82,14.6,NA,0.2,0.078,0.168,2.57712,NA,-0.063380282,NA,NA,NA,NA,234950.00003175
"240","M23_T2_0.4","STHD","*",942,1594,39038,40632,4500,11,1,47.19,"M23","T2",0.4,200,58.9875,6,4,"DOC",24666.66667,2.02,8.82,14.6,NA,0.2,0.078,0.168,2.57712,NA,-0.063380282,NA,NA,NA,NA,1455025.00019662
"241","M23_T2_1.2","CARP","*",534.666666666667,965,41902,42867,7000,11,1,26.84,"M23","T2",1.2,200,33.55,6,4,"DOC",24666.66667,2.02,8.82,14.6,NA,0.2,0.078,0.168,2.57712,NA,-0.063380282,NA,NA,NA,NA,827566.6667785
"242","M23_T2_1.2","STHD","*",2166.66666666667,3767,39100,42867,4500,11,1,108.46,"M23","T2",1.2,200,135.575,6,4,"DOC",24666.66667,2.02,8.82,14.6,NA,0.2,0.078,0.168,2.57712,NA,-0.063380282,NA,NA,NA,NA,3344183.33378525
"243","M23_T3_0.4","CARP","*",26,37,32652,32689,7000,12,1,1.33,"M23","T3",0.4,200,1.6625,18,4,"DOC",23666.66667,2.9,8.89,12.8,NA,0.19,0.075,0.168,2.436,NA,-0.063380282,NA,NA,NA,NA,39345.833338875
"244","M23_T3_0.4","STHD","*",203.333333333333,276,32413,32689,4500,12,1,9.99,"M23","T3",0.4,200,12.4875,18,4,"DOC",23666.66667,2.9,8.89,12.8,NA,0.19,0.075,0.168,2.436,NA,-0.063380282,NA,NA,NA,NA,295537.500041625
"245","M23_T3_1.2","CARP","*",70,102,33987,34089,7000,12,1,3.53,"M23","T3",1.2,200,4.4125,18,4,"DOC",23666.66667,2.9,8.89,12.8,NA,0.19,0.075,0.168,2.436,NA,-0.063380282,NA,NA,NA,NA,104429.166681375
"246","M23_T3_1.2","STHD","*",425.333333333333,612,33477,34089,4500,12,1,21.36,"M23","T3",1.2,200,26.7,18,4,"DOC",23666.66667,2.9,8.89,12.8,NA,0.19,0.075,0.168,2.436,NA,-0.063380282,NA,NA,NA,NA,631900.000089
"247","M23_T4_0.4","CARP","*",1.6,3,43531,43534,7000,12,1,0.08,"M23","T4",0.4,200,0.1,30,4,"DOC",22666.66667,3.3,8.75,15,64.2,0.19,0.072,0.168,2.29824,NA,-0.063380282,NA,18.76,7.412,176,2266.666667
"248","M23_T4_0.4","STHD","*",6.93333333333333,13,43521,43534,4500,12,1,0.35,"M23","T4",0.4,200,0.4375,30,4,"DOC",22666.66667,3.3,8.75,15,64.2,0.19,0.072,0.168,2.29824,NA,-0.063380282,NA,18.76,7.412,176,9916.666668125
"249","M23_T4_1.2","CARP","*",31.3333333333333,55,41717,41772,7000,12,1,1.55,"M23","T4",1.2,200,1.9375,30,4,"DOC",22666.66667,3.3,8.75,15,64.2,0.19,0.072,0.168,2.29824,NA,-0.063380282,NA,18.76,7.412,176,43916.666673125
"250","M23_T4_1.2","STHD","*",201.333333333333,358,41414,41772,4500,12,1,10.15,"M23","T4",1.2,200,12.6875,30,4,"DOC",22666.66667,3.3,8.75,15,64.2,0.19,0.072,0.168,2.29824,NA,-0.063380282,NA,18.76,7.412,176,287583.333375625
"251","M24_T1A_0.4","CARP","*",100,162,37741,37903,7000,11,1,5.05,"M24","T1A",0.4,200,6.3125,0.666666667,4,"NCH",24800,0.64,8.47,15,9.8,0.13,0.077,0.168,1.68168,-0.0176,0.282089552,NA,17.82,338,34.44,156550
"252","M24_T1A_0.4","STHD","*",960,1514,36389,37903,4500,11,1,48.07,"M24","T1A",0.4,200,60.0875,0.666666667,4,"NCH",24800,0.64,8.47,15,9.8,0.13,0.077,0.168,1.68168,-0.0176,0.282089552,NA,17.82,338,34.44,1490170
"253","M24_T1A_1.2","CARP","*",519.333333333333,858,38362,39220,7000,11,1,26.08,"M24","T1A",1.2,200,32.6,0.666666667,4,"NCH",24800,0.64,8.47,15,9.8,0.13,0.077,0.168,1.68168,-0.0176,0.282089552,NA,17.82,338,34.44,808480
"254","M24_T1A_1.2","STHD","*",2513.33333333333,3977,35243,39220,4500,11,1,126.08,"M24","T1A",1.2,200,157.6,0.666666667,4,"NCH",24800,0.64,8.47,15,9.8,0.13,0.077,0.168,1.68168,-0.0176,0.282089552,NA,17.82,338,34.44,3908480
"255","M24_T2_0.4","CARP","*",102,201,46143,46344,7000,11,1,5.12,"M24","T2",0.4,200,6.4,6,4,"NCH",24333.33333,0.66,8.8,14.5,NA,0.13,0.075,0.168,1.638,-0.0176,0.282089552,NA,NA,NA,NA,155733.333312
"256","M24_T2_0.4","STHD","*",804.666666666667,1559,44785,46344,4500,11,1,40.35,"M24","T2",0.4,200,50.4375,6,4,"NCH",24333.33333,0.66,8.8,14.5,NA,0.13,0.075,0.168,1.638,-0.0176,0.282089552,NA,NA,NA,NA,1227312.49983188
"257","M24_T2_1.2","CARP","*",257.333333333333,489,44351,44840,7000,11,1,12.93,"M24","T2",1.2,200,16.1625,6,4,"NCH",24333.33333,0.66,8.8,14.5,NA,0.13,0.075,0.168,1.638,-0.0176,0.282089552,NA,NA,NA,NA,393287.499946125
"258","M24_T2_1.2","STHD","*",1305.33333333333,2418,42422,44840,4500,11,1,65.36,"M24","T2",1.2,200,81.7,6,4,"NCH",24333.33333,0.66,8.8,14.5,NA,0.13,0.075,0.168,1.638,-0.0176,0.282089552,NA,NA,NA,NA,1988033.333061
"259","M24_T3_0.4","CARP","*",19,29,36297,36326,7000,12,1,0.94,"M24","T3",0.4,200,1.175,18,4,"NCH",23666.66667,0.93,8.88,12.7,NA,0.13,0.073,0.168,1.59432,-0.0176,0.282089552,NA,NA,NA,NA,27808.33333725
"260","M24_T3_0.4","STHD","*",148.666666666667,230,36096,36326,4500,12,1,7.49,"M24","T3",0.4,200,9.3625,18,4,"NCH",23666.66667,0.93,8.88,12.7,NA,0.13,0.073,0.168,1.59432,-0.0176,0.282089552,NA,NA,NA,NA,221579.166697875
"261","M24_T3_1.2","CARP","*",44.6666666666667,72,38014,38086,7000,12,1,2.23,"M24","T3",1.2,200,2.7875,18,4,"NCH",23666.66667,0.93,8.88,12.7,NA,0.13,0.073,0.168,1.59432,-0.0176,0.282089552,NA,NA,NA,NA,65970.833342625
"262","M24_T3_1.2","STHD","*",292,466,37620,38086,4500,12,1,14.51,"M24","T3",1.2,200,18.1375,18,4,"NCH",23666.66667,0.93,8.88,12.7,NA,0.13,0.073,0.168,1.59432,-0.0176,0.282089552,NA,NA,NA,NA,429254.166727125
"263","M24_T4_0.4","CARP","*",2.2,3,34760,34763,7000,12,1,0.1,"M24","T4",0.4,120,0.208333333333333,30,4,"NCH",22333.33333,0.67,8.87,14.9,22.7,0.13,0.069,0.168,1.50696,-0.0176,0.282089552,NA,8.246,197.6,17.01,4652.77777708333
"264","M24_T4_0.4","STHD","*",26.6666666666667,41,34722,34763,4500,12,1,1.39,"M24","T4",0.4,120,2.89583333333333,30,4,"NCH",22333.33333,0.67,8.87,14.9,22.7,0.13,0.069,0.168,1.50696,-0.0176,0.282089552,NA,8.246,197.6,17.01,64673.6111014584
"265","M24_T4_1.2","CARP","*",17.9333333333333,30,37851,37881,7000,12,1,0.93,"M24","T4",1.2,200,1.1625,30,4,"NCH",22333.33333,0.67,8.87,14.9,22.7,0.13,0.069,0.168,1.50696,-0.0176,0.282089552,NA,8.246,197.6,17.01,25962.499996125
"266","M24_T4_1.2","STHD","*",159.333333333333,255,37626,37881,4500,12,1,7.96,"M24","T4",1.2,200,9.95,30,4,"NCH",22333.33333,0.67,8.87,14.9,22.7,0.13,0.069,0.168,1.50696,-0.0176,0.282089552,NA,8.246,197.6,17.01,222216.6666335
"267","M2_T1A_1.2","CARP","*",546,806,34259,35065,7000,1,1,27.42,"M2","T1A",1.2,200,34.275,0.666666667,1,"NCL",24800,1.04,8.63,14.5,8.2,0.12,0.081,0.168,1.63296,-0.013235294,-0.081818182,NA,21.18,332.9,16.36,850020
"268","M2_T1A_1.2","STHD","*",2640,3730,31335,35065,4500,1,1,132.62,"M2","T1A",1.2,200,165.775,0.666666667,1,"NCL",24800,1.04,8.63,14.5,8.2,0.12,0.081,0.168,1.63296,-0.013235294,-0.081818182,NA,21.18,332.9,16.36,4111220
"269","M2_T2_0.4","CARP","*",49.3333333333333,76,36138,36214,7000,2,1,2.47,"M2","T2",0.4,200,3.0875,6,1,"NCL",24666.66667,0.61,8.82,14.4,NA,0.13,0.08,0.168,1.792,-0.013235294,-0.081818182,NA,NA,NA,NA,76158.333343625
"270","M2_T2_0.4","STHD","*",303.333333333333,465,35749,36214,4500,2,1,15.23,"M2","T2",0.4,200,19.0375,6,1,"NCL",24666.66667,0.61,8.82,14.4,NA,0.13,0.08,0.168,1.792,-0.013235294,-0.081818182,NA,NA,NA,NA,469591.666730125
"271","M2_T2_1.2","CARP","*",211.333333333333,305,34060,34365,7000,2,1,10.51,"M2","T2",1.2,200,13.1375,6,1,"NCL",24666.66667,0.61,8.82,14.4,NA,0.13,0.08,0.168,1.792,-0.013235294,-0.081818182,NA,NA,NA,NA,324058.333377125
"272","M2_T2_1.2","STHD","*",995.333333333333,1410,32955,34365,4500,2,1,49.4,"M2","T2",1.2,200,61.75,6,1,"NCL",24666.66667,0.61,8.82,14.4,NA,0.13,0.08,0.168,1.792,-0.013235294,-0.081818182,NA,NA,NA,NA,1523166.6668725
"273","M2_T3_0.4","CARP","*",32.96,69,54763,54832,7000,3,1,1.48,"M2","T3",0.4,200,1.85,18,1,"NCL",23666.66667,1.12,8.92,13.5,NA,0.15,0.077,0.168,1.89728,-0.013235294,-0.081818182,NA,NA,NA,NA,43783.3333395
"274","M2_T3_0.4","STHD","*",240.8,539,54293,54832,4500,3,1,11.64,"M2","T3",0.4,200,14.55,18,1,"NCL",23666.66667,1.12,8.92,13.5,NA,0.15,0.077,0.168,1.89728,-0.013235294,-0.081818182,NA,NA,NA,NA,344350.0000485
"275","M2_T3_1.2","CARP","*",86.8,217,56744,56961,7000,3,1,4.5,"M2","T3",1.2,200,5.625,18,1,"NCL",23666.66667,1.12,8.92,13.5,NA,0.15,0.077,0.168,1.89728,-0.013235294,-0.081818182,NA,NA,NA,NA,133125.00001875
"276","M2_T3_1.2","STHD","*",343.2,823,56138,56961,4500,3,1,17.16,"M2","T3",1.2,200,21.45,18,1,"NCL",23666.66667,1.12,8.92,13.5,NA,0.15,0.077,0.168,1.89728,-0.013235294,-0.081818182,NA,NA,NA,NA,507650.0000715
"277","M2_T4_0.4","CARP","*",18.2,58,69864,69922,7000,5,1,0.97,"M2","T4",0.4,200,1.2125,30,1,"NCL",22333.33333,1.4,8.93,14.3,18.8,0.16,0.073,0.168,1.96224,-0.013235294,-0.081818182,NA,5.247,296.4,14.94,27079.166662625
"278","M2_T4_0.4","STHD","*",99.3333333333333,313,69609,69922,4500,5,1,5.29,"M2","T4",0.4,200,6.6125,30,1,"NCL",22333.33333,1.4,8.93,14.3,18.8,0.16,0.073,0.168,1.96224,-0.013235294,-0.081818182,NA,5.247,296.4,14.94,147679.166644625
"279","M2_T4_1.2","CARP","*",13.5333333333333,22,38473,38495,7000,5,1,0.67,"M2","T4",1.2,200,0.8375,30,1,"NCL",22333.33333,1.4,8.93,14.3,18.8,0.16,0.073,0.168,1.96224,-0.013235294,-0.081818182,NA,5.247,296.4,14.94,18704.166663875
"280","M2_T4_1.2","STHD","*",84,137,38358,38495,4500,5,1,4.2,"M2","T4",1.2,200,5.25,30,1,"NCL",22333.33333,1.4,8.93,14.3,18.8,0.16,0.073,0.168,1.96224,-0.013235294,-0.081818182,NA,5.247,296.4,14.94,117249.9999825
"281","M3_T1A_0.4","CARP","*",119.333333333333,205,40264,40469,7000,1,1,5.98,"M3","T1A",0.4,200,7.475,0.666666667,1,"BFH",24800,0.61,8.6,14.5,9.6,0.13,0.08,0.168,1.7472,-0.011013158,-0.035526316,NA,5.264,293.3,9.537,185380
"282","M3_T1A_0.4","STHD","*",920.666666666667,1552,38917,40469,4500,1,1,46.11,"M3","T1A",0.4,200,57.6375,0.666666667,1,"BFH",24800,0.61,8.6,14.5,9.6,0.13,0.08,0.168,1.7472,-0.011013158,-0.035526316,NA,5.264,293.3,9.537,1429410
"283","M3_T1A_1.2","CARP","*",294,459,36449,36908,7000,1,1,14.75,"M3","T1A",1.2,200,18.4375,0.666666667,1,"BFH",24800,0.61,8.6,14.5,9.6,0.13,0.08,0.168,1.7472,-0.011013158,-0.035526316,NA,5.264,293.3,9.537,457250
"284","M3_T1A_1.2","STHD","*",1049.33333333333,1612,35296,36908,4500,1,1,52.66,"M3","T1A",1.2,200,65.825,0.666666667,1,"BFH",24800,0.61,8.6,14.5,9.6,0.13,0.08,0.168,1.7472,-0.011013158,-0.035526316,NA,5.264,293.3,9.537,1632460
"285","M3_T2_0.4","CARP","*",43.3333333333333,54,27609,27663,7000,3,1,2.3,"M3","T2",0.4,200,2.875,6,1,"BFH",24666.66667,0.78,8.8,14.6,NA,0.13,0.079,0.168,1.7696,-0.011013158,-0.035526316,NA,NA,NA,NA,70916.66667625
"286","M3_T2_0.4","STHD","*",252,313,27350,27663,4500,3,1,13.41,"M3","T2",0.4,200,16.7625,6,1,"BFH",24666.66667,0.78,8.8,14.6,NA,0.13,0.079,0.168,1.7696,-0.011013158,-0.035526316,NA,NA,NA,NA,413475.000055875
"287","M3_T2_1.2","CARP","*",71.1111111111111,292,94301,94593,7000,3,1,3.64,"M3","T2",1.2,200,4.55,6,1,"BFH",24666.66667,0.78,8.8,14.6,NA,0.13,0.079,0.168,1.7696,-0.011013158,-0.035526316,NA,NA,NA,NA,112233.3333485
"288","M3_T2_1.2","STHD","*",269.555555555556,1077,93516,94593,4500,3,1,13.5,"M3","T2",1.2,200,16.875,6,1,"BFH",24666.66667,0.78,8.8,14.6,NA,0.13,0.079,0.168,1.7696,-0.011013158,-0.035526316,NA,NA,NA,NA,416250.00005625
"289","M3_T3_0.4","CARP","*",7.76,20,58207,58227,7000,3,1,0.4,"M3","T3",0.4,200,0.5,18,1,"BFH",23666.66667,1.03,8.91,13.5,NA,0.14,0.076,0.168,1.74496,-0.011013158,-0.035526316,NA,NA,NA,NA,11833.333335
"290","M3_T3_0.4","STHD","*",20,52,58175,58227,4500,3,1,1.05,"M3","T3",0.4,200,1.3125,18,1,"BFH",23666.66667,1.03,8.91,13.5,NA,0.14,0.076,0.168,1.74496,-0.011013158,-0.035526316,NA,NA,NA,NA,31062.500004375
"291","M3_T3_1.2","CARP","*",22.475,98,104502,104600,7000,3,1,1.1,"M3","T3",1.2,200,1.375,18,1,"BFH",23666.66667,1.03,8.91,13.5,NA,0.14,0.076,0.168,1.74496,-0.011013158,-0.035526316,NA,NA,NA,NA,32541.66667125
"292","M3_T3_1.2","STHD","*",185,818,103782,104600,4500,3,1,9.25,"M3","T3",1.2,200,11.5625,18,1,"BFH",23666.66667,1.03,8.91,13.5,NA,0.14,0.076,0.168,1.74496,-0.011013158,-0.035526316,NA,NA,NA,NA,273645.833371875
"293","M3_T4_0.4","CARP","*",0.733333333333333,1,32235,32236,7000,5,1,0.03,"M3","T4",0.4,200,0.0375,30,1,"BFH",22666.66667,0.43,8.92,14.5,17.3,0.14,0.073,0.168,1.71696,-0.011013158,-0.035526316,NA,1.792,32.35,13.63,850.000000125
"294","M3_T4_0.4","STHD","*",2.93333333333333,4,32232,32236,4500,5,1,0.14,"M3","T4",0.4,200,0.175,30,1,"BFH",22666.66667,0.43,8.92,14.5,17.3,0.14,0.073,0.168,1.71696,-0.011013158,-0.035526316,NA,1.792,32.35,13.63,3966.66666725
"295","M3_T4_1.2","CARP","*",8.4,13,36256,36269,7000,5,1,0.42,"M3","T4",1.2,200,0.525,30,1,"BFH",22666.66667,0.43,8.92,14.5,17.3,0.14,0.073,0.168,1.71696,-0.011013158,-0.035526316,NA,1.792,32.35,13.63,11900.00000175
"296","M3_T4_1.2","STHD","*",132,203,36066,36269,4500,5,1,6.61,"M3","T4",1.2,200,8.2625,30,1,"BFH",22666.66667,0.43,8.92,14.5,17.3,0.14,0.073,0.168,1.71696,-0.011013158,-0.035526316,NA,1.792,32.35,13.63,187283.333360875
"297","M4_T1A_0.4","CARP","*",121.333333333333,211,40929,41140,7000,1,1,6.06,"M4","T1A",0.4,200,7.575,0.666666667,1,"DOC",24800,2.3,8.69,14.3,69.5,0.16,0.075,0.168,2.016,NA,-0.431372549,NA,70.94,379.5,233.8,187860
"298","M4_T1A_0.4","STHD","*",1053.33333333333,1803,39337,41140,4500,1,1,52.84,"M4","T1A",0.4,200,66.05,0.666666667,1,"DOC",24800,2.3,8.69,14.3,69.5,0.16,0.075,0.168,2.016,NA,-0.431372549,NA,70.94,379.5,233.8,1638040
"299","M4_T1A_1.2","CARP","*",579.333333333333,794,31856,32650,7000,1,1,29.03,"M4","T1A",1.2,200,36.2875,0.666666667,1,"DOC",24800,2.3,8.69,14.3,69.5,0.16,0.075,0.168,2.016,NA,-0.431372549,NA,70.94,379.5,233.8,899930
"300","M4_T1A_1.2","STHD","*",2706.66666666667,3552,29098,32650,4500,1,1,135.82,"M4","T1A",1.2,200,169.775,0.666666667,1,"DOC",24800,2.3,8.69,14.3,69.5,0.16,0.075,0.168,2.016,NA,-0.431372549,NA,70.94,379.5,233.8,4210420
"301","M4_T2_0.4","CARP","*",70.6666666666667,96,31792,31888,7000,3,1,3.55,"M4","T2",0.4,200,4.4375,6,1,"DOC",24333.33333,2.82,8.75,14.8,NA,0.15,0.073,0.168,1.8396,NA,-0.431372549,NA,NA,NA,NA,107979.166651875
"302","M4_T2_0.4","STHD","*",544,729,31159,31888,4500,3,1,27.27,"M4","T2",0.4,200,34.0875,6,1,"DOC",24333.33333,2.82,8.75,14.8,NA,0.15,0.073,0.168,1.8396,NA,-0.431372549,NA,NA,NA,NA,829462.499886375
"303","M4_T2_1.2","CARP","*",412.666666666667,633,35891,36524,7000,3,1,20.61,"M4","T2",1.2,200,25.7625,6,1,"DOC",24333.33333,2.82,8.75,14.8,NA,0.15,0.073,0.168,1.8396,NA,-0.431372549,NA,NA,NA,NA,626887.499914125
"304","M4_T2_1.2","STHD","*",1473.33333333333,2217,34307,36524,4500,3,1,73.84,"M4","T2",1.2,200,92.3,6,1,"DOC",24333.33333,2.82,8.75,14.8,NA,0.15,0.073,0.168,1.8396,NA,-0.431372549,NA,NA,NA,NA,2245966.666359
"305","M4_T3_0.4","CARP","*",15.9666666666667,45,66823,66868,7000,5,1,0.79,"M4","T3",0.4,200,0.9875,18,1,"DOC",23666.66667,3.89,8.83,13.6,NA,0.14,0.071,0.168,1.66992,NA,-0.431372549,NA,NA,NA,NA,23370.833336625
"306","M4_T3_0.4","STHD","*",114.666666666667,323,66545,66868,4500,5,1,5.71,"M4","T3",0.4,200,7.1375,18,1,"DOC",23666.66667,3.89,8.83,13.6,NA,0.14,0.071,0.168,1.66992,NA,-0.431372549,NA,NA,NA,NA,168920.833357125
"307","M4_T3_1.2","CARP","*",105.333333333333,326,73236,73562,6750,5,1,5.23,"M4","T3",1.2,200,6.5375,18,1,"DOC",23666.66667,3.89,8.83,13.6,NA,0.14,0.071,0.168,1.66992,NA,-0.431372549,NA,NA,NA,NA,154720.833355125
"308","M4_T3_1.2","STHD","*",546,1680,71882,73562,4000,5,1,27.24,"M4","T3",1.2,200,34.05,18,1,"DOC",23666.66667,3.89,8.83,13.6,NA,0.14,0.071,0.168,1.66992,NA,-0.431372549,NA,NA,NA,NA,805850.0001135
"309","M4_T4_0.4","CARP","*",1.46666666666667,2,32317,32319,7000,5,1,0.07,"M4","T4",0.4,134,0.130597014925373,30,1,"DOC",22333.33333,6.11,8.81,14.6,72.3,0.13,0.067,0.168,1.46328,NA,-0.431372549,NA,17.37,144.5,342.4,2916.66666623134
"310","M4_T4_0.4","STHD","*",26.6666666666667,37,32282,32319,4500,5,1,1.35,"M4","T4",0.4,134,2.51865671641791,30,1,"DOC",22333.33333,6.11,8.81,14.6,72.3,0.13,0.067,0.168,1.46328,NA,-0.431372549,NA,17.37,144.5,342.4,56249.9999916045
"311","M4_T4_1.2","CARP","*",22.6,67,73486,73553,6750,5,1,1.07,"M4","T4",1.2,134,1.99626865671642,30,1,"DOC",22333.33333,6.11,8.81,14.6,72.3,0.13,0.067,0.168,1.46328,NA,-0.431372549,NA,17.37,144.5,342.4,44583.3333266791
"312","M4_T4_1.2","STHD","*",114.666666666667,323,73230,73553,4000,5,1,5.18,"M4","T4",1.2,134,9.66417910447761,30,1,"DOC",22333.33333,6.11,8.81,14.6,72.3,0.13,0.067,0.168,1.46328,NA,-0.431372549,NA,17.37,144.5,342.4,215833.333301119
"313","M5_T1A_0.4","CARP","*",59.3333333333333,88,35725,35813,7000,2,1,2.9,"M5","T1A",0.4,200,3.625,0.666666667,1,"NCH",24800,0.94,8.51,15.2,11.2,0.14,0.081,0.168,1.90512,-0.021099338,-0.072483221,NA,20.58,331.8,33.88,89900
"314","M5_T1A_0.4","STHD","*",516,778,35035,35813,4500,2,1,25.9,"M5","T1A",0.4,200,32.375,0.666666667,1,"NCH",24800,0.94,8.51,15.2,11.2,0.14,0.081,0.168,1.90512,-0.021099338,-0.072483221,NA,20.58,331.8,33.88,802900
"315","M5_T1A_1.2","CARP","*",387.333333333333,536,32176,32712,7000,2,1,19.48,"M5","T1A",1.2,200,24.35,0.666666667,1,"NCH",24800,0.94,8.51,15.2,11.2,0.14,0.081,0.168,1.90512,-0.021099338,-0.072483221,NA,20.58,331.8,33.88,603880
"316","M5_T1A_1.2","STHD","*",1853.33333333333,2486,30226,32712,4500,2,1,93.2,"M5","T1A",1.2,200,116.5,0.666666667,1,"NCH",24800,0.94,8.51,15.2,11.2,0.14,0.081,0.168,1.90512,-0.021099338,-0.072483221,NA,20.58,331.8,33.88,2889200
"317","M5_T2_0.4","CARP","*",48.6666666666667,66,32056,32122,7000,3,1,2.42,"M5","T2",0.4,200,3.025,6,1,"NCH",24333.33333,0.73,8.7,14.7,NA,0.15,0.079,0.168,1.94656,-0.021099338,-0.072483221,NA,NA,NA,NA,73608.33332325
"318","M5_T2_0.4","STHD","*",375.333333333333,507,31615,32122,4500,3,1,18.76,"M5","T2",0.4,200,23.45,6,1,"NCH",24333.33333,0.73,8.7,14.7,NA,0.15,0.079,0.168,1.94656,-0.021099338,-0.072483221,NA,NA,NA,NA,570616.6665885
"319","M5_T2_1.2","CARP","*",205.333333333333,273,31030,31303,7000,3,1,10.32,"M5","T2",1.2,200,12.9,6,1,"NCH",24333.33333,0.73,8.7,14.7,NA,0.15,0.079,0.168,1.94656,-0.021099338,-0.072483221,NA,NA,NA,NA,313899.999957
"320","M5_T2_1.2","STHD","*",876,1141,30162,31303,4500,3,1,43.78,"M5","T2",1.2,200,54.725,6,1,"NCH",24333.33333,0.73,8.7,14.7,NA,0.15,0.079,0.168,1.94656,-0.021099338,-0.072483221,NA,NA,NA,NA,1331641.66648425
"321","M5_T3_0.4","CARP","*",22,30,32592,32622,7000,5,1,1.08,"M5","T3",0.4,200,1.35,18,1,"NCH",23666.66667,1.07,8.83,13.5,NA,0.15,0.077,0.168,1.98352,-0.021099338,-0.072483221,NA,NA,NA,NA,31950.0000045
"322","M5_T3_0.4","STHD","*",178.666666666667,247,32375,32622,4500,5,1,8.96,"M5","T3",0.4,200,11.2,18,1,"NCH",23666.66667,1.07,8.83,13.5,NA,0.15,0.077,0.168,1.98352,-0.021099338,-0.072483221,NA,NA,NA,NA,265066.666704
"323","M5_T3_1.2","CARP","*",49,149,71823,71972,7000,5,1,2.44,"M5","T3",1.2,200,3.05,18,1,"NCH",23666.66667,1.07,8.83,13.5,NA,0.15,0.077,0.168,1.98352,-0.021099338,-0.072483221,NA,NA,NA,NA,72183.3333435
"324","M5_T3_1.2","STHD","*",261.333333333333,801,71171,71972,4500,5,1,13.19,"M5","T3",1.2,200,16.4875,18,1,"NCH",23666.66667,1.07,8.83,13.5,NA,0.15,0.077,0.168,1.98352,-0.021099338,-0.072483221,NA,NA,NA,NA,390204.166721625
"325","M5_T4_0.4","CARP","*",4.73333333333333,6,30184,30190,7000,5,1,0.23,"M5","T4",0.4,200,0.2875,30,1,"NCH",22666.66667,0.86,8.85,14.6,25.5,0.16,0.074,0.168,1.98912,-0.021099338,-0.072483221,NA,12.05,238.1,22.79,6516.666667625
"326","M5_T4_0.4","STHD","*",38.6666666666667,49,30141,30190,4500,5,1,1.91,"M5","T4",0.4,200,2.3875,30,1,"NCH",22666.66667,0.86,8.85,14.6,25.5,0.16,0.074,0.168,1.98912,-0.021099338,-0.072483221,NA,12.05,238.1,22.79,54116.666674625
"327","M5_T4_1.2","CARP","*",10.9333333333333,16,34417,34433,7000,5,1,0.54,"M5","T4",1.2,200,0.675,30,1,"NCH",22666.66667,0.86,8.85,14.6,25.5,0.16,0.074,0.168,1.98912,-0.021099338,-0.072483221,NA,12.05,238.1,22.79,15300.00000225
"328","M5_T4_1.2","STHD","*",66,97,34336,34433,4500,5,1,3.32,"M5","T4",1.2,200,4.15,30,1,"NCH",22666.66667,0.86,8.85,14.6,25.5,0.16,0.074,0.168,1.98912,-0.021099338,-0.072483221,NA,12.05,238.1,22.79,94066.6666805
"329","M6_T1A_0.4","CARP","*",60.6666666666667,96,36063,36159,7000,2,1,3.13,"M6","T1A",0.4,200,3.9125,0.666666667,1,"ETO",24800,0.57,8.47,14.8,9.1,0.17,0.08,0.168,2.2848,NA,-0.024,NA,27.68,324.8,10.49,97030
"330","M6_T1A_0.4","STHD","*",516.666666666667,796,35363,36159,4500,2,1,26.24,"M6","T1A",0.4,200,32.8,0.666666667,1,"ETO",24800,0.57,8.47,14.8,9.1,0.17,0.08,0.168,2.2848,NA,-0.024,NA,27.68,324.8,10.49,813440
"331","M6_T1A_1.2","CARP","*",168,246,33593,33839,7000,2,1,8.6,"M6","T1A",1.2,200,10.75,0.666666667,1,"ETO",24800,0.57,8.47,14.8,9.1,0.17,0.08,0.168,2.2848,NA,-0.024,NA,27.68,324.8,10.49,266600
"332","M6_T1A_1.2","STHD","*",780,1127,32712,33839,4500,2,1,39.94,"M6","T1A",1.2,200,49.925,0.666666667,1,"ETO",24800,0.57,8.47,14.8,9.1,0.17,0.08,0.168,2.2848,NA,-0.024,NA,27.68,324.8,10.49,1238140
"333","M6_T2_0.4","CARP","*",49.3333333333333,76,35966,36042,7000,3,1,2.48,"M6","T2",0.4,200,3.1,6,1,"ETO",24333.33333,0.3,8.53,14.3,NA,0.17,0.078,0.168,2.184,NA,-0.024,NA,NA,NA,NA,75433.333323
"334","M6_T2_0.4","STHD","*",350,532,35510,36042,4500,3,1,17.53,"M6","T2",0.4,200,21.9125,6,1,"ETO",24333.33333,0.3,8.53,14.3,NA,0.17,0.078,0.168,2.184,NA,-0.024,NA,NA,NA,NA,533204.166593625
"335","M6_T2_1.2","CARP","*",82,120,34355,34475,7000,3,1,4.11,"M6","T2",1.2,200,5.1375,6,1,"ETO",24333.33333,0.3,8.53,14.3,NA,0.17,0.078,0.168,2.184,NA,-0.024,NA,NA,NA,NA,125012.499982875
"336","M6_T2_1.2","STHD","*",524,758,33717,34475,4500,3,1,26.21,"M6","T2",1.2,200,32.7625,6,1,"ETO",24333.33333,0.3,8.53,14.3,NA,0.17,0.078,0.168,2.184,NA,-0.024,NA,NA,NA,NA,797220.833224125
"337","M6_T3_0.4","CARP","*",20.6666666666667,28,30786,30814,7000,5,1,1.07,"M6","T3",0.4,200,1.3375,18,1,"ETO",23333.33333,1.5,8.61,13.5,NA,0.16,0.075,0.168,2.058,NA,-0.024,NA,NA,NA,NA,31208.333328875
"338","M6_T3_0.4","STHD","*",80,105,30709,30814,4500,5,1,4.02,"M6","T3",0.4,200,5.025,18,1,"ETO",23333.33333,1.5,8.61,13.5,NA,0.16,0.075,0.168,2.058,NA,-0.024,NA,NA,NA,NA,117249.99998325
"339","M6_T3_1.2","CARP","*",18.4,56,66718,66774,7000,5,1,0.98,"M6","T3",1.2,200,1.225,18,1,"ETO",23333.33333,1.5,8.61,13.5,NA,0.16,0.075,0.168,2.058,NA,-0.024,NA,NA,NA,NA,28583.33332925
"340","M6_T3_1.2","STHD","*",188,529,66245,66774,4500,5,1,9.37,"M6","T3",1.2,200,11.7125,18,1,"ETO",23333.33333,1.5,8.61,13.5,NA,0.16,0.075,0.168,2.058,NA,-0.024,NA,NA,NA,NA,273291.666627625
"341","M6_T4_0.4","CARP","*",6.46666666666667,9,34021,34030,7000,5,1,0.31,"M6","T4",0.4,200,0.3875,30,1,"ETO",22333.33333,0.37,8.68,14.6,7.7,0.16,0.072,0.168,1.93536,NA,-0.024,NA,14.22,361.4,12.87,8654.166665375
"342","M6_T4_0.4","STHD","*",35.3333333333333,52,33978,34030,4500,5,1,1.8,"M6","T4",0.4,200,2.25,30,1,"ETO",22333.33333,0.37,8.68,14.6,7.7,0.16,0.072,0.168,1.93536,NA,-0.024,NA,14.22,361.4,12.87,50249.9999925
"343","M6_T4_1.2","CARP","*",9.4,12,30831,30843,7000,5,1,0.45,"M6","T4",1.2,200,0.5625,30,1,"ETO",22333.33333,0.37,8.68,14.6,7.7,0.16,0.072,0.168,1.93536,NA,-0.024,NA,14.22,361.4,12.87,12562.499998125
"344","M6_T4_1.2","STHD","*",152.666666666667,198,30645,30843,4500,5,1,7.59,"M6","T4",1.2,200,9.4875,30,1,"ETO",22333.33333,0.37,8.68,14.6,7.7,0.16,0.072,0.168,1.93536,NA,-0.024,NA,14.22,361.4,12.87,211887.499968375
"345","M7_T1A_0.4","CARP","*",118,156,31142,31298,7000,5,1,5.89,"M7","T1A",0.4,200,7.3625,0.666666667,2,"ETO",24800,0.57,8.55,13.5,8.9,0.2,0.082,0.168,2.7552,NA,-0.016,NA,27.6,337.4,14.17,182590
"346","M7_T1A_0.4","STHD","*",791.333333333333,1034,30264,31298,4500,5,1,39.61,"M7","T1A",0.4,200,49.5125,0.666666667,2,"ETO",24800,0.57,8.55,13.5,8.9,0.2,0.082,0.168,2.7552,NA,-0.016,NA,27.6,337.4,14.17,1227910
"347","M7_T1A_1.2","CARP","*",376.666666666667,510,31708,32218,7000,5,1,18.81,"M7","T1A",1.2,200,23.5125,0.666666667,2,"ETO",24800,0.57,8.55,13.5,8.9,0.2,0.082,0.168,2.7552,NA,-0.016,NA,27.6,337.4,14.17,583110
"348","M7_T1A_1.2","STHD","*",1833.33333333333,2396,29822,32218,4500,5,1,91.13,"M7","T1A",1.2,200,113.9125,0.666666667,2,"ETO",24800,0.57,8.55,13.5,8.9,0.2,0.082,0.168,2.7552,NA,-0.016,NA,27.6,337.4,14.17,2825030
"349","M7_T2_0.4","CARP","*",55.3333333333333,80,34039,34119,7000,6,1,2.76,"M7","T2",0.4,200,3.45,6,2,"ETO",24666.66667,0.64,8.62,12.5,NA,0.2,0.081,0.168,2.67624,NA,-0.016,NA,NA,NA,NA,85100.0000115
"350","M7_T2_0.4","STHD","*",454,652,33467,34119,4500,6,1,22.75,"M7","T2",0.4,200,28.4375,6,2,"ETO",24666.66667,0.64,8.62,12.5,NA,0.2,0.081,0.168,2.67624,NA,-0.016,NA,NA,NA,NA,701458.333428125
"351","M7_T2_1.2","CARP","*",147.666666666667,432,70558,70990,7000,6,1,7.19,"M7","T2",1.2,200,8.9875,6,2,"ETO",24666.66667,0.64,8.62,12.5,NA,0.2,0.081,0.168,2.67624,NA,-0.016,NA,NA,NA,NA,221691.666696625
"352","M7_T2_1.2","STHD","*",663.333333333333,1961,69029,70990,4500,6,1,33.03,"M7","T2",1.2,200,41.2875,6,2,"ETO",24666.66667,0.64,8.62,12.5,NA,0.2,0.081,0.168,2.67624,NA,-0.016,NA,NA,NA,NA,1018425.00013763
"353","M7_T3_0.4","CARP","*",33.3333333333333,49,34700,34749,7000,6,1,1.66,"M7","T3",0.4,200,2.075,18,2,"ETO",23333.33333,0.38,8.64,12.6,NA,0.19,0.077,0.168,2.50096,NA,-0.016,NA,NA,NA,NA,48416.66665975
"354","M7_T3_0.4","STHD","*",131.333333333333,193,34556,34749,4500,6,1,6.56,"M7","T3",0.4,200,8.2,18,2,"ETO",23333.33333,0.38,8.64,12.6,NA,0.19,0.077,0.168,2.50096,NA,-0.016,NA,NA,NA,NA,191333.333306
"355","M7_T3_1.2","CARP","*",46,134,69302,69436,7000,6,1,2.27,"M7","T3",1.2,200,2.8375,18,2,"ETO",23333.33333,0.38,8.64,12.6,NA,0.19,0.077,0.168,2.50096,NA,-0.016,NA,NA,NA,NA,66208.333323875
"356","M7_T3_1.2","STHD","*",277,797,68639,69436,4500,6,1,13.61,"M7","T3",1.2,200,17.0125,18,2,"ETO",23333.33333,0.38,8.64,12.6,NA,0.19,0.077,0.168,2.50096,NA,-0.016,NA,NA,NA,NA,396958.333276625
"357","M7_T4_0.4","CARP","*",0,0,36461,36461,7000,7,1,0,"M7","T4",0.4,200,0,30,2,"ETO",22000,0.31,8.67,14,8.3,0.19,0.073,0.168,2.33016,NA,-0.016,NA,24.7,379.3,12.49,0
"358","M7_T4_0.4","STHD","*",1.33333333333333,2,36459,36461,4500,7,1,0.06,"M7","T4",0.4,200,0.075,30,2,"ETO",22000,0.31,8.67,14,8.3,0.19,0.073,0.168,2.33016,NA,-0.016,NA,24.7,379.3,12.49,1650
"359","M7_T4_1.2","CARP","*",0.733333333333333,1,33836,33837,7000,7,1,0.03,"M7","T4",1.2,200,0.0375,30,2,"ETO",22000,0.31,8.67,14,8.3,0.19,0.073,0.168,2.33016,NA,-0.016,NA,24.7,379.3,12.49,825
"360","M7_T4_1.2","STHD","*",2.8,4,33833,33837,4500,7,1,0.13,"M7","T4",1.2,200,0.1625,30,2,"ETO",22000,0.31,8.67,14,8.3,0.19,0.073,0.168,2.33016,NA,-0.016,NA,24.7,379.3,12.49,3575
"361","M8_T1A_0.4","CARP","*",118,159,31713,31872,7000,5,1,5.89,"M8","T1A",0.4,200,7.3625,0.666666667,2,"NCL",24800,0.66,8.54,13.6,6.7,0.16,0.084,0.168,2.25792,-0.005877551,-0.028378378,NA,24.9,307.5,18.77,182590
"362","M8_T1A_0.4","STHD","*",988.666666666667,1301,30571,31872,4500,5,1,49.14,"M8","T1A",0.4,200,61.425,0.666666667,2,"NCL",24800,0.66,8.54,13.6,6.7,0.16,0.084,0.168,2.25792,-0.005877551,-0.028378378,NA,24.9,307.5,18.77,1523340
"363","M8_T1A_1.2","CARP","*",518,646,29570,30216,7000,5,1,25.48,"M8","T1A",1.2,200,31.85,0.666666667,2,"NCL",24800,0.66,8.54,13.6,6.7,0.16,0.084,0.168,2.25792,-0.005877551,-0.028378378,NA,24.9,307.5,18.77,789880
"364","M8_T1A_1.2","STHD","*",2193.33333333333,2678,27538,30216,4500,5,1,109.43,"M8","T1A",1.2,200,136.7875,0.666666667,2,"NCL",24800,0.66,8.54,13.6,6.7,0.16,0.084,0.168,2.25792,-0.005877551,-0.028378378,NA,24.9,307.5,18.77,3392330
"365","M8_T2_0.4","CARP","*",60,84,33069,33153,7000,6,1,2.99,"M8","T2",0.4,200,3.7375,6,2,"NCL",24333.33333,0.49,8.83,12.6,NA,0.15,0.082,0.168,2.11232,-0.005877551,-0.028378378,NA,NA,NA,NA,90945.833320875
"366","M8_T2_0.4","STHD","*",416.666666666667,585,32568,33153,4500,6,1,20.99,"M8","T2",0.4,200,26.2375,6,2,"NCL",24333.33333,0.49,8.83,12.6,NA,0.15,0.082,0.168,2.11232,-0.005877551,-0.028378378,NA,NA,NA,NA,638445.833245875
"367","M8_T2_1.2","CARP","*",370,514,32377,32891,7000,6,1,18.57,"M8","T2",1.2,200,23.2125,6,2,"NCL",24333.33333,0.49,8.83,12.6,NA,0.15,0.082,0.168,2.11232,-0.005877551,-0.028378378,NA,NA,NA,NA,564837.499922625
"368","M8_T2_1.2","STHD","*",1473.33333333333,1978,30913,32891,4500,6,1,73.13,"M8","T2",1.2,200,91.4125,6,2,"NCL",24333.33333,0.49,8.83,12.6,NA,0.15,0.082,0.168,2.11232,-0.005877551,-0.028378378,NA,NA,NA,NA,2224370.83302862
"369","M8_T3_0.4","CARP","*",34.6666666666667,50,34245,34295,7000,7,1,1.72,"M8","T3",0.4,200,2.15,18,2,"NCL",23000,0.96,8.9,12.5,NA,0.15,0.078,0.168,1.92192,-0.005877551,-0.028378378,NA,NA,NA,NA,49450
"370","M8_T3_0.4","STHD","*",270.666666666667,390,33905,34295,4500,7,1,13.48,"M8","T3",0.4,200,16.85,18,2,"NCL",23000,0.96,8.9,12.5,NA,0.15,0.078,0.168,1.92192,-0.005877551,-0.028378378,NA,NA,NA,NA,387550
"371","M8_T3_1.2","CARP","*",105.333333333333,142,31828,31970,7000,7,1,5.24,"M8","T3",1.2,200,6.55,18,2,"NCL",23000,0.96,8.9,12.5,NA,0.15,0.078,0.168,1.92192,-0.005877551,-0.028378378,NA,NA,NA,NA,150650
"372","M8_T3_1.2","STHD","*",527.333333333333,701,31269,31970,4500,7,1,26.14,"M8","T3",1.2,200,32.675,18,2,"NCL",23000,0.96,8.9,12.5,NA,0.15,0.078,0.168,1.92192,-0.005877551,-0.028378378,NA,NA,NA,NA,751525
"373","M8_T4_0.4","CARP","*",3.86666666666667,6,37011,37017,7000,7,1,0.19,"M8","T4",0.4,200,0.2375,30,2,"NCL",22000,0.64,8.94,14,18.2,0.14,0.075,0.168,1.764,-0.005877551,-0.028378378,NA,6.092,351.3,19.81,5225
"374","M8_T4_0.4","STHD","*",6.86666666666667,11,37006,37017,4500,7,1,0.35,"M8","T4",0.4,200,0.4375,30,2,"NCL",22000,0.64,8.94,14,18.2,0.14,0.075,0.168,1.764,-0.005877551,-0.028378378,NA,6.092,351.3,19.81,9625
"375","M8_T4_1.2","CARP","*",2,3,34699,34702,7000,7,1,0.1,"M8","T4",1.2,200,0.125,30,2,"NCL",22000,0.64,8.94,14,18.2,0.14,0.075,0.168,1.764,-0.005877551,-0.028378378,NA,6.092,351.3,19.81,2750
"376","M8_T4_1.2","STHD","*",6.06666666666667,9,34693,34702,4500,7,1,0.3,"M8","T4",1.2,200,0.375,30,2,"NCL",22000,0.64,8.94,14,18.2,0.14,0.075,0.168,1.764,-0.005877551,-0.028378378,NA,6.092,351.3,19.81,8250
"377","M9_T1A_0.4","CARP","*",85.6666666666667,270,73125,73395,7000,6,1,4.34,"M9","T1A",0.4,200,5.425,0.666666667,2,"NCH",24800,0.66,8.54,14.4,13.3,0.13,0.084,0.168,1.83456,-0.009918367,-0.07755102,NA,16.99,279.4,35.58,134540
"378","M9_T1A_0.4","STHD","*",739,2253,71142,73395,4500,6,1,36.76,"M9","T1A",0.4,200,45.95,0.666666667,2,"NCH",24800,0.66,8.54,14.4,13.3,0.13,0.084,0.168,1.83456,-0.009918367,-0.07755102,NA,16.99,279.4,35.58,1139560
"379","M9_T1A_1.2","CARP","*",510.666666666667,729,33339,34068,7000,6,1,25.5,"M9","T1A",1.2,200,31.875,0.666666667,2,"NCH",24800,0.66,8.54,14.4,13.3,0.13,0.084,0.168,1.83456,-0.009918367,-0.07755102,NA,16.99,279.4,35.58,790500
"380","M9_T1A_1.2","STHD","*",2300,3168,30900,34068,4500,6,1,115.09,"M9","T1A",1.2,200,143.8625,0.666666667,2,"NCH",24800,0.66,8.54,14.4,13.3,0.13,0.084,0.168,1.83456,-0.009918367,-0.07755102,NA,16.99,279.4,35.58,3567790
"381","M9_T2_0.4","CARP","*",58,86,34777,34863,7000,6,1,2.91,"M9","T2",0.4,200,3.6375,6,2,"NCH",24333.33333,1.27,8.79,13.4,NA,0.13,0.082,0.168,1.74496,-0.009918367,-0.07755102,NA,NA,NA,NA,88512.499987875
"382","M9_T2_0.4","STHD","*",500,730,34133,34863,4500,6,1,24.95,"M9","T2",0.4,200,31.1875,6,2,"NCH",24333.33333,1.27,8.79,13.4,NA,0.13,0.082,0.168,1.74496,-0.009918367,-0.07755102,NA,NA,NA,NA,758895.833229375
"383","M9_T2_1.2","CARP","*",288.666666666667,405,32781,33186,7000,6,1,14.47,"M9","T2",1.2,200,18.0875,6,2,"NCH",24333.33333,1.27,8.79,13.4,NA,0.13,0.082,0.168,1.74496,-0.009918367,-0.07755102,NA,NA,NA,NA,440129.166606375
"384","M9_T2_1.2","STHD","*",1366.66666666667,1871,31315,33186,4500,6,1,68.43,"M9","T2",1.2,200,85.5375,6,2,"NCH",24333.33333,1.27,8.79,13.4,NA,0.13,0.082,0.168,1.74496,-0.009918367,-0.07755102,NA,NA,NA,NA,2081412.49971487
"385","M9_T3_0.4","CARP","*",23,28,28516,28544,7000,7,1,1.15,"M9","T3",0.4,200,1.4375,18,2,"NCH",23666.66667,2.03,8.86,12.7,NA,0.12,0.08,0.168,1.6576,-0.009918367,-0.07755102,NA,NA,NA,NA,34020.833338125
"386","M9_T3_0.4","STHD","*",149,178,28366,28544,4500,7,1,7.37,"M9","T3",0.4,200,9.2125,18,2,"NCH",23666.66667,2.03,8.86,12.7,NA,0.12,0.08,0.168,1.6576,-0.009918367,-0.07755102,NA,NA,NA,NA,218029.166697375
"387","M9_T3_1.2","CARP","*",40,59,32600,32659,7000,7,1,2.13,"M9","T3",1.2,200,2.6625,18,2,"NCH",23666.66667,2.03,8.86,12.7,NA,0.12,0.08,0.168,1.6576,-0.009918367,-0.07755102,NA,NA,NA,NA,63012.500008875
"388","M9_T3_1.2","STHD","*",228,334,32325,32659,4500,7,1,12.12,"M9","T3",1.2,200,15.15,18,2,"NCH",23666.66667,2.03,8.86,12.7,NA,0.12,0.08,0.168,1.6576,-0.009918367,-0.07755102,NA,NA,NA,NA,358550.0000505
"389","M9_T4_0.4","CARP","*",1.53333333333333,2,31323,31325,7000,8,1,0.07,"M9","T4",0.4,200,0.0875,30,2,"NCH",22333.33333,0.66,8.89,14.3,26.3,0.12,0.076,0.168,1.53216,-0.009918367,-0.07755102,NA,11.77,247.8,28.71,1954.166666375
"390","M9_T4_0.4","STHD","*",5.2,7,31318,31325,4500,8,1,0.26,"M9","T4",0.4,200,0.325,30,2,"NCH",22333.33333,0.66,8.89,14.3,26.3,0.12,0.076,0.168,1.53216,-0.009918367,-0.07755102,NA,11.77,247.8,28.71,7258.33333225
"391","M9_T4_1.2","CARP","*",4.33333333333333,16,94712,94728,7000,8,1,0.19,"M9","T4",1.2,200,0.2375,30,2,"NCH",22333.33333,0.66,8.89,14.3,26.3,0.12,0.076,0.168,1.53216,-0.009918367,-0.07755102,NA,11.77,247.8,28.71,5304.166665875
"392","M9_T4_1.2","STHD","*",30,124,94604,94728,4500,8,1,1.54,"M9","T4",1.2,200,1.925,30,2,"NCH",22333.33333,0.66,8.89,14.3,26.3,0.12,0.076,0.168,1.53216,-0.009918367,-0.07755102,NA,11.77,247.8,28.71,42991.66666025
