"","Well","Sample","Target","Concentration","CopiesPer20uLWell","Positives","Negatives","AcceptedDroplets","Threshold","Run","Bucket","Rel.soln","Size","Dilution","GC.mL"
"1787","A01","BKT1_STHD_1.2","STHD",153,3060,571,4118,4689,4500,14,"BKT1","STHD",1.2,"1",382.5
"1788","A02","BKT1_STHD_1.2","STHD",206,4120,789,4127,4916,4500,14,"BKT1","STHD",1.2,"1",515
"1789","A03","BKT1_STHD_1.2","STHD",325,6500,1302,4091,5393,4500,14,"BKT1","STHD",1.2,"1",812.5
"1790","B01","BKT1_STHD_0.4","STHD",163,3260,755,5095,5850,4500,14,"BKT1","STHD",0.4,"1",407.5
"1791","B02","BKT1_STHD_0.4","STHD",137,2740,544,4399,4943,4500,14,"BKT1","STHD",0.4,"1",342.5
"1792","B03","BKT1_STHD_0.4","STHD",167,3340,653,4290,4943,4500,14,"BKT1","STHD",0.4,"1",417.5
"1793","C01","BKT2_STHD_1.2","STHD",447,8940,1877,4065,5942,4500,14,"BKT2","STHD",1.2,"1",1117.5
"1794","C02","BKT2_STHD_1.2","STHD",447,8940,2239,4844,7083,4500,14,"BKT2","STHD",1.2,"1",1117.5
"1795","C03","BKT2_STHD_1.2","STHD",313,6260,1265,4149,5414,4500,14,"BKT2","STHD",1.2,"1",782.5
"1796","D01","BKT2_STHD_0.4","STHD",242,4840,1177,5144,6321,4500,14,"BKT2","STHD",0.4,"1",605
"1797","D02","BKT2_STHD_0.4","STHD",293,5860,1265,4473,5738,4500,14,"BKT2","STHD",0.4,"1",732.5
"1798","D03","BKT2_STHD_0.4","STHD",292,5840,1245,4413,5658,4500,14,"BKT2","STHD",0.4,"1",730
"1799","E01","BKT3_STHD_1.2","STHD",439,8780,1829,4040,5869,4500,14,"BKT3","STHD",1.2,"1",1097.5
"1800","E02","BKT3_STHD_1.2","STHD",484,9680,2003,3938,5941,4500,14,"BKT3","STHD",1.2,"1",1210
"1801","E03","BKT3_STHD_1.2","STHD",406,8120,1836,4461,6297,4500,14,"BKT3","STHD",1.2,"1",1015
"1802","F01","BKT3_STHD_0.4","STHD",355,7100,1684,4787,6471,4500,14,"BKT3","STHD",0.4,"1",887.5
"1803","F02","BKT3_STHD_0.4","STHD",445,8900,2200,4787,6987,4500,14,"BKT3","STHD",0.4,"1",1112.5
"1804","F03","BKT3_STHD_0.4","STHD",452,9040,2266,4838,7104,4500,14,"BKT3","STHD",0.4,"1",1130
"1805","G01","BKT4_STHD_1.2","STHD",195,3900,1009,5612,6621,4500,14,"BKT4","STHD",1.2,"1",487.5
"1806","G02","BKT4_STHD_1.2","STHD",305,6100,1544,5226,6770,4500,14,"BKT4","STHD",1.2,"1",762.5
"1807","G03","BKT4_STHD_1.2","STHD",319,6380,1572,5038,6610,4500,14,"BKT4","STHD",1.2,"1",797.5
"1808","H01","BKT4_STHD_0.4","STHD",153,3060,785,5646,6431,4500,14,"BKT4","STHD",0.4,"1",382.5
"1809","H02","BKT4_STHD_0.4","STHD",161,3220,901,6142,7043,4500,14,"BKT4","STHD",0.4,"1",402.5
"1810","H03","BKT4_STHD_0.4","STHD",256,5120,1440,5929,7369,4500,14,"BKT4","STHD",0.4,"1",640
"2139","A01","BKT1_CARP_1.2_2","CARP",121,1210,568,10761,11329,7000,18,"BKT1","CARP",1.2,"2",302.5
"2140","A02","BKT1_CARP_1.2_2","CARP",118.4,1184,707,13697,14404,7000,18,"BKT1","CARP",1.2,"2",296
"2141","A03","BKT1_CARP_1.2_2","CARP",109.4,1094,707,14845,15552,7000,18,"BKT1","CARP",1.2,"2",273.5
"2142","B01","BKT1_CARP_0.4_2","CARP",79.2,792,438,12791,13229,7000,18,"BKT1","CARP",0.4,"2",198
"2143","B02","BKT1_CARP_0.4_2","CARP",0.56,5.6,2,8336,8338,7000,18,"BKT1","CARP",0.4,"2",1.4
"2144","B03","BKT1_CARP_0.4_2","CARP",67,670,370,12824,13194,7000,18,"BKT1","CARP",0.4,"2",167.5
"2145","C01","BKT2_CARP_1.2_2","CARP",154,1540,862,12820,13682,7000,18,"BKT2","CARP",1.2,"2",385
"2146","C02","BKT2_CARP_1.2_2","CARP",158,1580,674,9727,10401,7000,18,"BKT2","CARP",1.2,"2",395
"2147","C03","BKT2_CARP_1.2_2","CARP",160,1600,938,13304,14242,7000,18,"BKT2","CARP",1.2,"2",400
"2148","D01","BKT2_CARP_0.4_2","CARP",77,770,431,12962,13393,7000,18,"BKT2","CARP",0.4,"2",192.5
"2149","D02","BKT2_CARP_0.4_2","CARP",63,630,233,8595,8828,7000,18,"BKT2","CARP",0.4,"2",157.5
"2150","D03","BKT2_CARP_0.4_2","CARP",69.2,692,405,13584,13989,7000,18,"BKT2","CARP",0.4,"2",173
"2151","E01","BKT3_CARP_1.2_2","CARP",164,1640,899,12459,13358,7000,18,"BKT3","CARP",1.2,"2",410
"2152","E02","BKT3_CARP_1.2_2","CARP",146,1460,535,8302,8837,7000,18,"BKT3","CARP",1.2,"2",365
"2153","E03","BKT3_CARP_1.2_2","CARP",142.2,1422,815,13081,13896,7000,18,"BKT3","CARP",1.2,"2",355.5
"2154","F01","BKT3_CARP_0.4_2","CARP",73.6,736,340,10712,11052,7000,18,"BKT3","CARP",0.4,"2",184
"2155","F02","BKT3_CARP_0.4_2","CARP",75.2,752,337,10370,10707,7000,18,"BKT3","CARP",0.4,"2",188
"2156","F03","BKT3_CARP_0.4_2","CARP",66.4,664,383,13383,13766,7000,18,"BKT3","CARP",0.4,"2",166
"2157","G01","BKT4_CARP_1.2_2","CARP",152.8,1528,936,13952,14888,7000,18,"BKT4","CARP",1.2,"2",382
"2158","G02","BKT4_CARP_1.2_2","CARP",158,1580,716,10360,11076,7000,18,"BKT4","CARP",1.2,"2",395
"2159","G03","BKT4_CARP_1.2_2","CARP",158.2,1582,1059,15219,16278,7000,18,"BKT4","CARP",1.2,"2",395.5
"2160","H01","BKT4_CARP_0.4_2","CARP",84.8,848,483,13152,13635,7000,18,"BKT4","CARP",0.4,"2",212
"2161","H02","BKT4_CARP_0.4_2","CARP",90.2,902,512,13115,13627,7000,18,"BKT4","CARP",0.4,"2",225.5
"2162","H03","BKT4_CARP_0.4_2","CARP",72.2,722,524,16814,17338,7000,18,"BKT4","CARP",0.4,"2",180.5
"2219","A04","BKT1_STHD_1.2_8","STHD",528,1320,599,10437,11036,4500,18,"BKT1","STHD",1.2,"8",1320
"2220","A05","BKT1_STHD_1.2_8","STHD",544,1360,443,7470,7913,4500,18,"BKT1","STHD",1.2,"8",1360
"2221","A06","BKT1_STHD_1.2_8","STHD",576,1440,708,11223,11931,4500,18,"BKT1","STHD",1.2,"8",1440
"2222","B04","BKT1_STHD_0.4_8","STHD",280.8,702,354,11698,12052,4500,18,"BKT1","STHD",0.4,"8",702
"2223","B05","BKT1_STHD_0.4_8","STHD",306.4,766,307,9272,9579,4500,18,"BKT1","STHD",0.4,"8",766
"2225","C04","BKT2_STHD_1.2_8","STHD",808,2020,856,9510,10366,4500,18,"BKT2","STHD",1.2,"8",2020
"2228","D04","BKT2_STHD_0.4_8","STHD",396,990,498,11583,12081,4500,18,"BKT2","STHD",0.4,"8",990
"2229","D05","BKT2_STHD_0.4_8","STHD",367.2,918,438,11006,11444,4500,18,"BKT2","STHD",0.4,"8",918
"2231","E04","BKT3_STHD_1.2_8","STHD",912,2280,1299,12726,14025,4500,18,"BKT3","STHD",1.2,"8",2280
"2233","E06","BKT3_STHD_1.2_8","STHD",800,2000,1132,12722,13854,4500,18,"BKT3","STHD",1.2,"8",2000
"2234","F04","BKT3_STHD_0.4_8","STHD",0,0,0,12188,12188,4500,18,"BKT3","STHD",0.4,"8",0
"2235","F05","BKT3_STHD_0.4_8","STHD",648,1620,938,13102,14040,4500,18,"BKT3","STHD",0.4,"8",1620
"2236","F06","BKT3_STHD_0.4_8","STHD",628,1570,954,13834,14788,4500,18,"BKT3","STHD",0.4,"8",1570
"2237","G04","BKT4_STHD_1.2_8","STHD",720,1800,801,10043,10844,4500,18,"BKT4","STHD",1.2,"8",1800
"2238","G05","BKT4_STHD_1.2_8","STHD",680,1700,1026,13708,14734,4500,18,"BKT4","STHD",1.2,"8",1700
"2239","G06","BKT4_STHD_1.2_8","STHD",760,1900,1257,14931,16188,4500,18,"BKT4","STHD",1.2,"8",1900
"2241","H05","BKT4_STHD_0.4_8","STHD",496,1240,771,14241,15012,4500,18,"BKT4","STHD",0.4,"8",1240
"2242","H06","BKT4_STHD_0.4_8","STHD",484,1210,682,12932,13614,4500,18,"BKT4","STHD",0.4,"8",1210
